,dpdt,T,Kd,MI_radius,Profile
0,0.000592103032231492,1210.206197071629,0.0009008029931739301,91.3608711216316,K97_23_16_3
