{
    "modes": [],
    "nested sampling global log-evidence": -4.291534171508484,
    "nested sampling global log-evidence error": 0.0976492683986489,
    "global evidence": -4.291534171508484,
    "global evidence error": 0.0976492683986489,
    "marginals": [
        {
            "median": 0.000592103032231492,
            "sigma": 9.600699637106268e-05,
            "1sigma": [
                0.0005055040563446228,
                0.0006975180490867482
            ],
            "2sigma": [
                0.00043017599059517764,
                0.0007926540181719629
            ],
            "3sigma": [
                0.00037434878853605843,
                0.0010075554778348108
            ],
            "5sigma": [
                0.0003056741639331179,
                0.0013199106238727307
            ],
            "q75%": 0.0006630659050313131,
            "q25%": 0.0005315221529072343,
            "q99%": 0.0008506725215141836,
            "q01%": 0.00041069628881171613,
            "q90%": 0.0007271618657736681,
            "q10%": 0.00048641621537111654
        },
        {
            "median": 1210.206197071629,
            "sigma": 12.60453322576518,
            "1sigma": [
                1197.781577879181,
                1222.9906443307113
            ],
            "2sigma": [
                1184.8789366713909,
                1233.783398407523
            ],
            "3sigma": [
                1171.9521594047271,
                1252.1639866288542
            ],
            "5sigma": [
                1164.6134541662072,
                1254.9720616837128
            ],
            "q75%": 1218.9656507241339,
            "q25%": 1201.3345993769594,
            "q99%": 1238.0972340569685,
            "q01%": 1180.0364073737885,
            "q90%": 1225.7843029275734,
            "q10%": 1194.5531947795112
        },
        {
            "median": 0.0009008029931739301,
            "sigma": 9.149851480487752e-05,
            "1sigma": [
                0.0008094278145034917,
                0.0009924248441132467
            ],
            "2sigma": [
                0.0007351500412433284,
                0.0010728291238867652
            ],
            "3sigma": [
                0.0006412929090519387,
                0.001179543827071958
            ],
            "5sigma": [
                0.0005320694158969434,
                0.0011896881157897638
            ],
            "q75%": 0.0009637261841893066,
            "q25%": 0.0008392426291826608,
            "q99%": 0.001091487118419944,
            "q01%": 0.0007028409460608421,
            "q90%": 0.001016865739684935,
            "q10%": 0.0007884136878677649
        },
        {
            "median": 91.3608711216316,
            "sigma": 1.0363893982163006,
            "1sigma": [
                90.39850818037662,
                92.47128697680922
            ],
            "2sigma": [
                89.58858985774926,
                93.21184277887771
            ],
            "3sigma": [
                88.82709768802403,
                94.23340194889407
            ],
            "5sigma": [
                88.24202987245586,
                94.70880614722401
            ],
            "q75%": 92.20644393512528,
            "q25%": 90.68578515825857,
            "q99%": 93.6740729458606,
            "q01%": 89.24411414249427,
            "q90%": 92.71171549266288,
            "q10%": 90.2033106577581
        }
    ]
}