,dpdt,T,Kd,MI_radius,Profile
0,0.12725333330149172,1209.3389354798187,0.0008909742407760009,142.42731783262016,K97_23_16_1
