{
    "modes": [],
    "nested sampling global log-evidence": -0.9610589569928989,
    "nested sampling global log-evidence error": 0.04516577539690798,
    "global evidence": -0.9610589569928989,
    "global evidence error": 0.04516577539690798,
    "marginals": [
        {
            "median": 0.12725333330149172,
            "sigma": 1.4190999531886186,
            "1sigma": [
                0.010110056481513434,
                2.8483099628587505
            ],
            "2sigma": [
                0.003017684249671736,
                8.8997752631447
            ],
            "3sigma": [
                0.001765178665054829,
                9.956342580734125
            ],
            "5sigma": [
                0.0007727340211701092,
                9.974336756372553
            ],
            "q75%": 1.3593455618997279,
            "q25%": 0.017566586822316488,
            "q99%": 9.424906873063838,
            "q01%": 0.0023672008814651503,
            "q90%": 4.4830169416863885,
            "q10%": 0.006634962588979545
        },
        {
            "median": 1209.3389354798187,
            "sigma": 13.115689709514413,
            "1sigma": [
                1195.7125516743763,
                1221.9439310934051
            ],
            "2sigma": [
                1183.2372606559945,
                1232.6644618782982
            ],
            "3sigma": [
                1174.623277883606,
                1256.0058657817467
            ],
            "5sigma": [
                1173.5349900228055,
                1260.5239429146056
            ],
            "q75%": 1218.18477869452,
            "q25%": 1199.756870078859,
            "q99%": 1238.5156595638944,
            "q01%": 1180.4346965526504,
            "q90%": 1224.7783768575011,
            "q10%": 1191.8955553761464
        },
        {
            "median": 0.0008909742407760009,
            "sigma": 0.00010049671252762343,
            "1sigma": [
                0.0007952056438224177,
                0.0009961990688776646
            ],
            "2sigma": [
                0.0007190625728332405,
                0.0010839237206483037
            ],
            "3sigma": [
                0.0005931704420827486,
                0.0011478703950032125
            ],
            "5sigma": [
                0.0005723031343426743,
                0.0011556640642974697
            ],
            "q75%": 0.0009621141192730967,
            "q25%": 0.00082655283040855,
            "q99%": 0.0011120458111370422,
            "q01%": 0.0006824842138706738,
            "q90%": 0.0010239379412637093,
            "q10%": 0.0007731854014109435
        },
        {
            "median": 142.42731783262016,
            "sigma": 0.9646498466034359,
            "1sigma": [
                141.49535544144283,
                143.4246551346497
            ],
            "2sigma": [
                140.5443681171393,
                144.34883620919152
            ],
            "3sigma": [
                139.32468139939635,
                145.83759447187504
            ],
            "5sigma": [
                138.87489503345995,
                145.96327828068294
            ],
            "q75%": 143.08395568024005,
            "q25%": 141.80516104830315,
            "q99%": 144.78065412744928,
            "q01%": 140.07617209027526,
            "q90%": 143.73913797154424,
            "q10%": 141.2099695011504
        }
    ]
}