,dpdt,T,Kd,MI_radius,Profile
0,0.0007420426346511186,1209.5238924230673,0.0009089970740247014,90.07765227824015,K97_23_17_1
