{
    "modes": [],
    "nested sampling global log-evidence": -4.168280842555224,
    "nested sampling global log-evidence error": 0.09612295496304246,
    "global evidence": -4.168280842555224,
    "global evidence error": 0.09612295496304246,
    "marginals": [
        {
            "median": 0.0007420426346511186,
            "sigma": 0.0001362293343838956,
            "1sigma": [
                0.0006279306468650239,
                0.000900389315632815
            ],
            "2sigma": [
                0.0005325960896552977,
                0.0010460796343657612
            ],
            "3sigma": [
                0.00043683110503166934,
                0.001240414838094678
            ],
            "5sigma": [
                0.00032321674396029076,
                0.0015027915150494426
            ],
            "q75%": 0.0008537452616096778,
            "q25%": 0.0006630262563709928,
            "q99%": 0.0010831334439844141,
            "q01%": 0.0005008767603945891,
            "q90%": 0.0009284203148173795,
            "q10%": 0.0006005778429186622
        },
        {
            "median": 1209.5238924230673,
            "sigma": 13.22394233635805,
            "1sigma": [
                1197.7266204625416,
                1224.1745051352577
            ],
            "2sigma": [
                1184.7831383921225,
                1232.990598882244
            ],
            "3sigma": [
                1170.3613230892788,
                1243.3512381438518
            ],
            "5sigma": [
                1163.9762991724613,
                1248.0259762771725
            ],
            "q75%": 1219.5474990577027,
            "q25%": 1201.7597790314885,
            "q99%": 1237.91171293561,
            "q01%": 1182.2817469928905,
            "q90%": 1227.5505063690614,
            "q10%": 1194.6938583976976
        },
        {
            "median": 0.0009089970740247014,
            "sigma": 9.242489346746946e-05,
            "1sigma": [
                0.0008108237045590744,
                0.0009956734914940133
            ],
            "2sigma": [
                0.0007182326874977554,
                0.001094670855604503
            ],
            "3sigma": [
                0.0006418579722238569,
                0.001175809289998349
            ],
            "5sigma": [
                0.0006009061050458955,
                0.0011785986479551014
            ],
            "q75%": 0.00097041385511242,
            "q25%": 0.0008384259693061591,
            "q99%": 0.0011189934007221237,
            "q01%": 0.0006846295420956253,
            "q90%": 0.0010209622463368932,
            "q10%": 0.0007825453777474076
        },
        {
            "median": 90.07765227824015,
            "sigma": 0.9233880568122501,
            "1sigma": [
                89.06781220653478,
                90.91458832015928
            ],
            "2sigma": [
                88.08678605526023,
                91.80015228730944
            ],
            "3sigma": [
                86.21089056450865,
                93.02758416051987
            ],
            "5sigma": [
                86.08995616523791,
                93.18342076650765
            ],
            "q75%": 90.68993542410496,
            "q25%": 89.41396507066905,
            "q99%": 92.2365482608656,
            "q01%": 87.76845604926345,
            "q90%": 91.15785501748182,
            "q10%": 88.83949142928903
        }
    ]
}