,dpdt,T,Kd,MI_radius,Profile
0,0.0005094777152508111,1209.2683796817726,0.0009084903660254217,99.04492882662976,K97_23_5_1
