{
    "modes": [],
    "nested sampling global log-evidence": -4.077023050641207,
    "nested sampling global log-evidence error": 0.09509525404245207,
    "global evidence": -4.077023050641207,
    "global evidence error": 0.09509525404245207,
    "marginals": [
        {
            "median": 0.0005094777152508111,
            "sigma": 7.951250699347512e-05,
            "1sigma": [
                0.00042895058379638357,
                0.0005879755977833338
            ],
            "2sigma": [
                0.0003664491887782078,
                0.0006885455063465082
            ],
            "3sigma": [
                0.0003158543853432518,
                0.0008085507924711445
            ],
            "5sigma": [
                0.0002488035741720283,
                0.0010049939622731412
            ],
            "q75%": 0.0005631724949834768,
            "q25%": 0.0004508524757437733,
            "q99%": 0.0007190304112376067,
            "q01%": 0.0003432910665311802,
            "q90%": 0.000615473096933704,
            "q10%": 0.00041091436205081957
        },
        {
            "median": 1209.2683796817726,
            "sigma": 12.939775877995885,
            "1sigma": [
                1197.2451978174995,
                1223.1247495734913
            ],
            "2sigma": [
                1185.4041129753796,
                1234.8214392635612
            ],
            "3sigma": [
                1176.7955864516443,
                1246.4473211973332
            ],
            "5sigma": [
                1172.361494079555,
                1246.8353595270787
            ],
            "q75%": 1218.5687508920842,
            "q25%": 1201.2703630802253,
            "q99%": 1239.189303483869,
            "q01%": 1181.0072637031228,
            "q90%": 1226.910179833791,
            "q10%": 1193.8912237877307
        },
        {
            "median": 0.0009084903660254217,
            "sigma": 9.260170748230683e-05,
            "1sigma": [
                0.0008111609505966107,
                0.0009963643655612243
            ],
            "2sigma": [
                0.0007247365066665717,
                0.001080091171850435
            ],
            "3sigma": [
                0.0006667911856456365,
                0.0011630279059438545
            ],
            "5sigma": [
                0.00061014557509385,
                0.0011792922192667879
            ],
            "q75%": 0.0009700798413490218,
            "q25%": 0.0008404599756867617,
            "q99%": 0.0011127466545794453,
            "q01%": 0.0006899880394930689,
            "q90%": 0.001021005422978623,
            "q10%": 0.0007826627311907658
        },
        {
            "median": 99.04492882662976,
            "sigma": 1.0169160893630291,
            "1sigma": [
                98.04208178847509,
                100.07591396720115
            ],
            "2sigma": [
                97.1173886355378,
                100.95022614776059
            ],
            "3sigma": [
                95.99447957460829,
                102.09062101499202
            ],
            "5sigma": [
                95.82091431406495,
                102.42977324756163
            ],
            "q75%": 99.79908183612838,
            "q25%": 98.34206507839285,
            "q99%": 101.1882085081096,
            "q01%": 96.73848010981062,
            "q90%": 100.3236735179689,
            "q10%": 97.81179671498904
        }
    ]
}