,dpdt,T,Kd,MI_radius,Profile
0,0.0002310402302891904,1207.928125410349,0.0009223667386549419,90.67359921428414,K97_23_16_3
