{
    "modes": [],
    "nested sampling global log-evidence": -4.213703801192258,
    "nested sampling global log-evidence error": 0.09651209380371023,
    "global evidence": -4.213703801192258,
    "global evidence error": 0.09651209380371023,
    "marginals": [
        {
            "median": 0.0002310402302891904,
            "sigma": 5.8972427628105646e-05,
            "1sigma": [
                0.0001791604018460848,
                0.0002971052571022961
            ],
            "2sigma": [
                0.00014639190201152122,
                0.0003778450865058069
            ],
            "3sigma": [
                0.00011466391700891881,
                0.0004451441032573023
            ],
            "5sigma": [
                9.327139790648376e-05,
                0.0005716042294988257
            ],
            "q75%": 0.000272423208734171,
            "q25%": 0.0001923059208455498,
            "q99%": 0.00040247969892302863,
            "q01%": 0.00013935991435064574,
            "q90%": 0.00032233252987471045,
            "q10%": 0.0001678414684115815
        },
        {
            "median": 1207.928125410349,
            "sigma": 12.319933784825594,
            "1sigma": [
                1195.726519592715,
                1220.3663871623662
            ],
            "2sigma": [
                1185.7407872369217,
                1232.459686394462
            ],
            "3sigma": [
                1174.7158225948085,
                1246.319624029365
            ],
            "5sigma": [
                1172.1671405699694,
                1247.723056171185
            ],
            "q75%": 1216.5795429110476,
            "q25%": 1199.310897879619,
            "q99%": 1235.4789408736622,
            "q01%": 1179.8548478982773,
            "q90%": 1224.047689989427,
            "q10%": 1192.6981688137448
        },
        {
            "median": 0.0009223667386549419,
            "sigma": 8.431739200660208e-05,
            "1sigma": [
                0.0008499060573162014,
                0.0010185408413294055
            ],
            "2sigma": [
                0.0007600752982022261,
                0.0011109331044311473
            ],
            "3sigma": [
                0.0006651107951543731,
                0.0011943854698008626
            ],
            "5sigma": [
                0.0006189479704451466,
                0.0012428964164332838
            ],
            "q75%": 0.0009869368476852318,
            "q25%": 0.0008746183903804828,
            "q99%": 0.001142061742844128,
            "q01%": 0.0007355780686876353,
            "q90%": 0.0010467806921771099,
            "q10%": 0.0008213363681778506
        },
        {
            "median": 90.67359921428414,
            "sigma": 9.150837597213084,
            "1sigma": [
                82.1228380936341,
                100.42451328806027
            ],
            "2sigma": [
                75.12461374629947,
                107.97707945586048
            ],
            "3sigma": [
                69.23858863694383,
                118.21466575274891
            ],
            "5sigma": [
                60.09481685227032,
                121.8975858506915
            ],
            "q75%": 97.26180328088203,
            "q25%": 84.83224832140144,
            "q99%": 110.2365026048631,
            "q01%": 73.39531661676702,
            "q90%": 102.71454568726688,
            "q10%": 79.94420461842905
        }
    ]
}