,dpdt,T,Kd,MI_radius,Profile
0,0.0007295721288678889,1212.2305021262653,0.0009121250068539857,114.78835377618616,K97_23_1_1_1
