{
    "modes": [],
    "nested sampling global log-evidence": -4.102638393501659,
    "nested sampling global log-evidence error": 0.0951472683082238,
    "global evidence": -4.102638393501659,
    "global evidence error": 0.0951472683082238,
    "marginals": [
        {
            "median": 0.0007295721288678889,
            "sigma": 0.0001207546790702564,
            "1sigma": [
                0.0006103179573677254,
                0.0008518273155082382
            ],
            "2sigma": [
                0.0005242756208458881,
                0.0009983004653954268
            ],
            "3sigma": [
                0.00043491192320231094,
                0.0011968452498457025
            ],
            "5sigma": [
                0.00034568683332981,
                0.0016411794033160457
            ],
            "q75%": 0.0008099394302159321,
            "q25%": 0.0006518427735970979,
            "q99%": 0.0010633767919844576,
            "q01%": 0.0005017915840629627,
            "q90%": 0.0008968799857820752,
            "q10%": 0.0005883548718906964
        },
        {
            "median": 1212.2305021262653,
            "sigma": 12.454831769050202,
            "1sigma": [
                1198.5816094705274,
                1223.4912730086278
            ],
            "2sigma": [
                1188.8901239311886,
                1234.369898160205
            ],
            "3sigma": [
                1175.747168887131,
                1248.0393198866766
            ],
            "5sigma": [
                1170.6052072500272,
                1255.4768158110278
            ],
            "q75%": 1220.0695962555612,
            "q25%": 1202.829865180051,
            "q99%": 1237.9537557092174,
            "q01%": 1181.4874387569294,
            "q90%": 1227.184653827672,
            "q10%": 1195.3674995918934
        },
        {
            "median": 0.0009121250068539857,
            "sigma": 9.010778806097831e-05,
            "1sigma": [
                0.0008169826959489764,
                0.000997198272070933
            ],
            "2sigma": [
                0.000743707319465413,
                0.0010742787897008122
            ],
            "3sigma": [
                0.0006723148645740041,
                0.0011811355280275902
            ],
            "5sigma": [
                0.0006558939219231268,
                0.0011891801455394767
            ],
            "q75%": 0.0009714645901521598,
            "q25%": 0.0008469879868431399,
            "q99%": 0.0010971998291878365,
            "q01%": 0.000716833849110689,
            "q90%": 0.0010229916502668462,
            "q10%": 0.0007931713138591362
        },
        {
            "median": 114.78835377618616,
            "sigma": 0.9502422597996656,
            "1sigma": [
                113.89900726516984,
                115.79949178476917
            ],
            "2sigma": [
                112.89519651247993,
                116.73904951749373
            ],
            "3sigma": [
                112.07492200190173,
                117.71857291486005
            ],
            "5sigma": [
                111.69322781381388,
                117.93764247795913
            ],
            "q75%": 115.4258950792638,
            "q25%": 114.1629368745261,
            "q99%": 117.0912413003042,
            "q01%": 112.55289489100952,
            "q90%": 116.08786867776473,
            "q10%": 113.66920956694591
        }
    ]
}