,Median,1 sigma low,1 sigma high,2 sigma low,2 sigma high,1sigma error low,1sigma error high,Profile
0,0.00011847672293572934,0.00010022233465812576,0.00013730791377337473,8.525857367714245e-05,0.00015811823506053666,1.8254388277603583e-05,1.8831190837645392e-05,SW_7_3_2
