,dpdt,T,Kd,MI_radius,Profile
0,0.00011847672293572934,1208.8321132436863,0.0008962832286928988,60.009175916988355,SW_7_3_2
