{
    "modes": [],
    "nested sampling global log-evidence": -4.074612677626995,
    "nested sampling global log-evidence error": 0.09519084079002207,
    "global evidence": -4.074612677626995,
    "global evidence error": 0.09519084079002207,
    "marginals": [
        {
            "median": 0.00011847672293572934,
            "sigma": 1.8542789557624488e-05,
            "1sigma": [
                0.00010022233465812576,
                0.00013730791377337473
            ],
            "2sigma": [
                8.525857367714245e-05,
                0.00015811823506053666
            ],
            "3sigma": [
                6.912883413452583e-05,
                0.00018638670487976968
            ],
            "5sigma": [
                5.0666948702151654e-05,
                0.00024457895075137375
            ],
            "q75%": 0.00013045381239883743,
            "q25%": 0.00010549852293338202,
            "q99%": 0.00016938320542114993,
            "q01%": 8.075974298816087e-05,
            "q90%": 0.00014354529272701092,
            "q10%": 9.58870519236966e-05
        },
        {
            "median": 1208.8321132436863,
            "sigma": 12.469450347621432,
            "1sigma": [
                1196.4490707351347,
                1221.3879714303775
            ],
            "2sigma": [
                1185.1703644988693,
                1232.7279160537175
            ],
            "3sigma": [
                1176.7115641212447,
                1248.3843736587582
            ],
            "5sigma": [
                1172.455699968926,
                1260.9801247647413
            ],
            "q75%": 1217.7960795129054,
            "q25%": 1200.6949081069224,
            "q99%": 1237.7854839632241,
            "q01%": 1181.6021548892372,
            "q90%": 1224.3191482072186,
            "q10%": 1192.864354844913
        },
        {
            "median": 0.0008962832286928988,
            "sigma": 9.55594678285102e-05,
            "1sigma": [
                0.0008053510444465452,
                0.0009964699801035656
            ],
            "2sigma": [
                0.0007140351048224332,
                0.0010910074304575693
            ],
            "3sigma": [
                0.0005868252496713154,
                0.0011781791222545228
            ],
            "5sigma": [
                0.0005853056261163633,
                0.0011846987932491325
            ],
            "q75%": 0.0009650479637685889,
            "q25%": 0.0008371249355370454,
            "q99%": 0.0011137671011522852,
            "q01%": 0.0006835753978539095,
            "q90%": 0.0010186747233664943,
            "q10%": 0.0007783898241247507
        },
        {
            "median": 60.009175916988355,
            "sigma": 0.9800341744416272,
            "1sigma": [
                59.01821159708015,
                60.97827994596341
            ],
            "2sigma": [
                58.22501193448334,
                61.800347437575
            ],
            "3sigma": [
                57.143342477224,
                62.81791936217228
            ],
            "5sigma": [
                56.386949130053594,
                62.943235633872405
            ],
            "q75%": 60.63798510508823,
            "q25%": 59.3464319677418,
            "q99%": 62.307109034368565,
            "q01%": 57.89512181933698,
            "q90%": 61.26016630298639,
            "q10%": 58.79853896231612
        }
    ]
}