,Median,1 sigma low,1 sigma high,2 sigma low,2 sigma high,1sigma error low,1sigma error high,Profile
0,0.0015053620372270668,0.0011267917542803624,0.002143901193771948,0.0008520577787260923,0.003205358828166661,0.0003785702829467044,0.000638539156544881,SW_7_4_1
