,dpdt,T,Kd,MI_radius,Profile
0,0.0015053620372270668,1208.1634443545688,0.0009087872931343588,75.00475223593772,SW_7_4_1
