{
    "modes": [],
    "nested sampling global log-evidence": -3.111545732358567,
    "nested sampling global log-evidence error": 0.08026338628758986,
    "global evidence": -3.111545732358567,
    "global evidence error": 0.08026338628758986,
    "marginals": [
        {
            "median": 0.0015053620372270668,
            "sigma": 0.0005085547197457927,
            "1sigma": [
                0.0011267917542803624,
                0.002143901193771948
            ],
            "2sigma": [
                0.0008520577787260923,
                0.003205358828166661
            ],
            "3sigma": [
                0.0006901134125550498,
                0.007239786521952051
            ],
            "5sigma": [
                0.0004629819700481678,
                9.642023716627149
            ],
            "q75%": 0.001909554317285642,
            "q25%": 0.001232161955936499,
            "q99%": 0.004062655073377663,
            "q01%": 0.0007782247823325015,
            "q90%": 0.002362202424317039,
            "q10%": 0.0010491206448369503
        },
        {
            "median": 1208.1634443545688,
            "sigma": 11.846032117852474,
            "1sigma": [
                1197.2128489127329,
                1220.9049131484378
            ],
            "2sigma": [
                1187.20997015038,
                1231.4930895434381
            ],
            "3sigma": [
                1178.448204868889,
                1246.357701714674
            ],
            "5sigma": [
                1167.897014763193,
                1259.5904093696934
            ],
            "q75%": 1217.2330045818308,
            "q25%": 1200.613572566443,
            "q99%": 1236.087387920376,
            "q01%": 1183.5871871244872,
            "q90%": 1224.5109825063391,
            "q10%": 1194.7073606466804
        },
        {
            "median": 0.0009087872931343588,
            "sigma": 9.355022924998897e-05,
            "1sigma": [
                0.0008111369813863744,
                0.0009982374398863523
            ],
            "2sigma": [
                0.0007271237785940797,
                0.0010853219975509901
            ],
            "3sigma": [
                0.0006489250250288791,
                0.001153852643477834
            ],
            "5sigma": [
                0.0005959322246685366,
                0.0011920669928311086
            ],
            "q75%": 0.000969982262909875,
            "q25%": 0.0008450604291745494,
            "q99%": 0.0011159929307845856,
            "q01%": 0.000674945750117875,
            "q90%": 0.0010276311693598302,
            "q10%": 0.0007804678312977794
        },
        {
            "median": 75.00475223593772,
            "sigma": 1.021694653684655,
            "1sigma": [
                73.95462462589133,
                75.99801393326064
            ],
            "2sigma": [
                72.97318212888979,
                76.87014648837447
            ],
            "3sigma": [
                72.01894437573638,
                77.95632579075824
            ],
            "5sigma": [
                71.90854150960243,
                78.02341142846856
            ],
            "q75%": 75.69307834120754,
            "q25%": 74.25935074585618,
            "q99%": 77.24371373763232,
            "q01%": 72.64501908547653,
            "q90%": 76.20926351443575,
            "q10%": 73.65043552779923
        }
    ]
}