,Median,1 sigma low,1 sigma high,2 sigma low,2 sigma high,1sigma error low,1sigma error high,Profile
0,0.0005220392110688052,0.0003775083516511876,0.0007794019631311989,0.0002762523365018034,0.0010684967652342385,0.0001445308594176176,0.0002573627520623937,SW_7_3_2
