,dpdt,T,Kd,MI_radius,Profile
0,0.0005220392110688052,1207.5494255501787,0.0008998519431440341,59.068558255044266,SW_7_3_2
