{
    "modes": [],
    "nested sampling global log-evidence": -4.380538113547787,
    "nested sampling global log-evidence error": 0.09827124222225819,
    "global evidence": -4.380538113547787,
    "global evidence error": 0.09827124222225819,
    "marginals": [
        {
            "median": 0.0005220392110688052,
            "sigma": 0.00020094680574000566,
            "1sigma": [
                0.0003775083516511876,
                0.0007794019631311989
            ],
            "2sigma": [
                0.0002762523365018034,
                0.0010684967652342385
            ],
            "3sigma": [
                0.00021217907030680286,
                0.0014999218269142723
            ],
            "5sigma": [
                0.0001742354378635994,
                0.001954618917293018
            ],
            "q75%": 0.0006657253547092078,
            "q25%": 0.0004276171909605791,
            "q99%": 0.001290082594418669,
            "q01%": 0.0002418648213346452,
            "q90%": 0.0008818439915621967,
            "q10%": 0.00033990339345550934
        },
        {
            "median": 1207.5494255501787,
            "sigma": 11.976276337851687,
            "1sigma": [
                1196.7726711453606,
                1220.725223821064
            ],
            "2sigma": [
                1185.9409766285048,
                1231.7465305802248
            ],
            "3sigma": [
                1172.655418630572,
                1242.6453201207273
            ],
            "5sigma": [
                1169.9188571854868,
                1247.5334055940598
            ],
            "q75%": 1216.504417139241,
            "q25%": 1200.2216586385548,
            "q99%": 1236.1763998296535,
            "q01%": 1180.6202082551463,
            "q90%": 1223.8499519851891,
            "q10%": 1194.00811178913
        },
        {
            "median": 0.0008998519431440341,
            "sigma": 9.431244370851263e-05,
            "1sigma": [
                0.0008066726012974475,
                0.0009952974887144728
            ],
            "2sigma": [
                0.0007288563503073054,
                0.0010775587819075313
            ],
            "3sigma": [
                0.0006340558027208975,
                0.0011672248101905758
            ],
            "5sigma": [
                0.0006070230258668985,
                0.0011959840041731067
            ],
            "q75%": 0.0009721411482857968,
            "q25%": 0.0008380183985305738,
            "q99%": 0.0011158397611417672,
            "q01%": 0.0006939570527919085,
            "q90%": 0.001019800594794872,
            "q10%": 0.000781035825266095
        },
        {
            "median": 59.068558255044266,
            "sigma": 8.8696509742478,
            "1sigma": [
                50.42758199603566,
                68.16688394453126
            ],
            "2sigma": [
                42.98376621982131,
                76.42424348317492
            ],
            "3sigma": [
                37.995387703375165,
                86.84173181325313
            ],
            "5sigma": [
                28.534772052621033,
                88.05112526312793
            ],
            "q75%": 65.0979723868145,
            "q25%": 53.4318225146259,
            "q99%": 79.61141525729535,
            "q01%": 40.042852764123204,
            "q90%": 70.61454306667625,
            "q10%": 48.05670300729706
        }
    ]
}