,dpdt,T,Kd,MI_radius,Profile
0,9.972858210155547e-05,1209.7643268194997,0.0009079079403880403,101.38737307368207,K97_23_16_2
