{
    "modes": [],
    "nested sampling global log-evidence": -3.8827214610253145,
    "nested sampling global log-evidence error": 0.09250022591651633,
    "global evidence": -3.8827214610253145,
    "global evidence error": 0.09250022591651633,
    "marginals": [
        {
            "median": 9.972858210155547e-05,
            "sigma": 1.889455729903982e-05,
            "1sigma": [
                8.356112549679204e-05,
                0.00012135024009487169
            ],
            "2sigma": [
                6.829888430118564e-05,
                0.00014626617810536345
            ],
            "3sigma": [
                5.9068923689180344e-05,
                0.00018662183877468137
            ],
            "5sigma": [
                4.815561645118026e-05,
                0.0002648483485796872
            ],
            "q75%": 0.00011381698194404499,
            "q25%": 8.761865829057356e-05,
            "q99%": 0.00016305510186394466,
            "q01%": 6.385166802680405e-05,
            "q90%": 0.000127940983621699,
            "q10%": 7.887502049087059e-05
        },
        {
            "median": 1209.7643268194997,
            "sigma": 11.230717025132549,
            "1sigma": [
                1198.3735944225966,
                1220.8350284728617
            ],
            "2sigma": [
                1187.06758152446,
                1233.037473472659
            ],
            "3sigma": [
                1178.4228100041714,
                1242.2179877793012
            ],
            "5sigma": [
                1170.504862464889,
                1247.9743126683989
            ],
            "q75%": 1217.575108153803,
            "q25%": 1201.320881730253,
            "q99%": 1236.5972092840786,
            "q01%": 1182.9651661733374,
            "q90%": 1224.2724309401415,
            "q10%": 1194.9111926274993
        },
        {
            "median": 0.0009079079403880403,
            "sigma": 9.825093738670382e-05,
            "1sigma": [
                0.0008106957180408959,
                0.0010071975928143035
            ],
            "2sigma": [
                0.0007259923270293092,
                0.0010872478083512134
            ],
            "3sigma": [
                0.0006092877385578612,
                0.0011908710879254688
            ],
            "5sigma": [
                0.0005954711572282478,
                0.0012112829854107542
            ],
            "q75%": 0.0009723276665731601,
            "q25%": 0.0008430734986825593,
            "q99%": 0.0011168540280529764,
            "q01%": 0.0006870078463059387,
            "q90%": 0.0010334399200529042,
            "q10%": 0.0007825433073625239
        },
        {
            "median": 101.38737307368207,
            "sigma": 0.9675460569931218,
            "1sigma": [
                100.52060513157289,
                102.45569724555914
            ],
            "2sigma": [
                99.69477965565143,
                103.281486588212
            ],
            "3sigma": [
                98.67677759509941,
                104.7036632363063
            ],
            "5sigma": [
                98.34043725701207,
                105.08191090746973
            ],
            "q75%": 102.1383628753173,
            "q25%": 100.82754745743652,
            "q99%": 103.59626772524838,
            "q01%": 99.40373376200401,
            "q90%": 102.67718572247014,
            "q10%": 100.2526899377973
        }
    ]
}