,dpdt,T,Kd,MI_radius,Profile
0,0.00022581844243821378,1209.6001924583813,0.0008947121060803273,59.98188620513703,SW_7_3_2
