,Median,1 sigma low,1 sigma high,2 sigma low,2 sigma high,1sigma error low,1sigma error high,Profile
0,0.00022581844243821378,0.00018364458347231002,0.00027514134906868245,0.00015223417145408282,0.00034061534616521125,4.217385896590375e-05,4.932290663046867e-05,SW_7_3_2
