{
    "modes": [],
    "nested sampling global log-evidence": -3.6749312524651883,
    "nested sampling global log-evidence error": 0.08959264475120587,
    "global evidence": -3.6749312524651883,
    "global evidence error": 0.08959264475120587,
    "marginals": [
        {
            "median": 0.00022581844243821378,
            "sigma": 4.574838279818621e-05,
            "1sigma": [
                0.00018364458347231002,
                0.00027514134906868245
            ],
            "2sigma": [
                0.00015223417145408282,
                0.00034061534616521125
            ],
            "3sigma": [
                0.00012442960276963998,
                0.0004781463966793332
            ],
            "5sigma": [
                9.963716650713265e-05,
                0.0008159012050240923
            ],
            "q75%": 0.00025535012382912485,
            "q25%": 0.0001950572488906126,
            "q99%": 0.00038447706814338117,
            "q01%": 0.00013505949400043028,
            "q90%": 0.0002955854390409972,
            "q10%": 0.00017435419471913054
        },
        {
            "median": 1209.6001924583813,
            "sigma": 11.735631853623659,
            "1sigma": [
                1198.5115586849602,
                1221.9828223922075
            ],
            "2sigma": [
                1187.0708857799652,
                1234.0870667041545
            ],
            "3sigma": [
                1169.2134518093121,
                1246.064688866674
            ],
            "5sigma": [
                1169.1050591224916,
                1248.3432048852005
            ],
            "q75%": 1218.0118844238648,
            "q25%": 1202.4986192245854,
            "q99%": 1238.3083659847498,
            "q01%": 1183.7220330567152,
            "q90%": 1225.3754163607703,
            "q10%": 1195.532249582232
        },
        {
            "median": 0.0008947121060803273,
            "sigma": 9.785512352424394e-05,
            "1sigma": [
                0.0007959131008489245,
                0.0009916233478974123
            ],
            "2sigma": [
                0.0007215169459738398,
                0.001068317533451915
            ],
            "3sigma": [
                0.0005310172974973253,
                0.0011738201652665315
            ],
            "5sigma": [
                0.0005149931905787588,
                0.0011771463044255629
            ],
            "q75%": 0.0009581324727208184,
            "q25%": 0.0008277063765497338,
            "q99%": 0.0010933557530541733,
            "q01%": 0.0006793558558666616,
            "q90%": 0.0010106286686372928,
            "q10%": 0.0007740603461953141
        },
        {
            "median": 59.98188620513703,
            "sigma": 0.9422924298603519,
            "1sigma": [
                59.05225232486777,
                60.93683718458848
            ],
            "2sigma": [
                58.0341614750397,
                61.74598550001791
            ],
            "3sigma": [
                57.165718032063474,
                63.38461875036773
            ],
            "5sigma": [
                57.08029693722647,
                63.48794498455397
            ],
            "q75%": 60.65566789726518,
            "q25%": 59.295044338503736,
            "q99%": 62.33720456689061,
            "q01%": 57.78693652601142,
            "q90%": 61.184826928170345,
            "q10%": 58.72369581330311
        }
    ]
}