,dpdt,T,Kd,MI_radius,Profile
0,0.002288308941766435,1210.3429587479452,0.0009087598150820498,42.569451686434185,SW_7_6_1
