{
    "modes": [],
    "nested sampling global log-evidence": -4.145444387505159,
    "nested sampling global log-evidence error": 0.09588847769222669,
    "global evidence": -4.145444387505159,
    "global evidence error": 0.09588847769222669,
    "marginals": [
        {
            "median": 0.002288308941766435,
            "sigma": 0.00037207994728650085,
            "1sigma": [
                0.0019348126710546662,
                0.002678972565627668
            ],
            "2sigma": [
                0.0016670990003024085,
                0.0030992622786967534
            ],
            "3sigma": [
                0.0014245739345429558,
                0.0034469822023986095
            ],
            "5sigma": [
                0.0011541811485562578,
                0.004499734344634259
            ],
            "q75%": 0.002530416182979116,
            "q25%": 0.0020517222209164914,
            "q99%": 0.003249788172856181,
            "q01%": 0.00159524212306894,
            "q90%": 0.0027994464285268647,
            "q10%": 0.001858251235953729
        },
        {
            "median": 1210.3429587479452,
            "sigma": 12.64616539951487,
            "1sigma": [
                1197.6106687805639,
                1222.9029995795936
            ],
            "2sigma": [
                1185.9275940068044,
                1234.2905613204646
            ],
            "3sigma": [
                1168.813703228775,
                1241.784797724993
            ],
            "5sigma": [
                1167.8313214600003,
                1249.0749324691328
            ],
            "q75%": 1218.9072092639065,
            "q25%": 1201.395812651185,
            "q99%": 1237.5785267729673,
            "q01%": 1180.6766358817572,
            "q90%": 1226.2273207600783,
            "q10%": 1194.5794571900776
        },
        {
            "median": 0.0009087598150820498,
            "sigma": 9.241127330371812e-05,
            "1sigma": [
                0.0008172190754477996,
                0.0010020416220552358
            ],
            "2sigma": [
                0.0007276194771820495,
                0.001082989598728582
            ],
            "3sigma": [
                0.0006443613470963874,
                0.0011700432707430163
            ],
            "5sigma": [
                0.0006105511232100785,
                0.001193879251536527
            ],
            "q75%": 0.000969389870329602,
            "q25%": 0.0008420402393727416,
            "q99%": 0.001118519814613886,
            "q01%": 0.0006911059240539544,
            "q90%": 0.0010215029443966818,
            "q10%": 0.000790010148740817
        },
        {
            "median": 42.569451686434185,
            "sigma": 0.8722858518848078,
            "1sigma": [
                41.71366191701026,
                43.45823362077988
            ],
            "2sigma": [
                40.737820668050304,
                44.275861344723296
            ],
            "3sigma": [
                39.48116397211186,
                45.26151035510955
            ],
            "5sigma": [
                38.87305474885303,
                45.44798976893639
            ],
            "q75%": 43.173454239041725,
            "q25%": 42.01829615568478,
            "q99%": 44.582667996897676,
            "q01%": 40.271187330240984,
            "q90%": 43.70319412917583,
            "q10%": 41.46660620286407
        }
    ]
}