,dpdt,T,Kd,MI_radius,Profile
0,0.0008357720550509332,1209.3828907081554,0.0008888243252947428,60.99855768582509,K97_23_10_1
