{
    "modes": [],
    "nested sampling global log-evidence": -4.434431069373761,
    "nested sampling global log-evidence error": 0.0995822061431838,
    "global evidence": -4.434431069373761,
    "global evidence error": 0.0995822061431838,
    "marginals": [
        {
            "median": 0.0008357720550509332,
            "sigma": 0.0001324292425739846,
            "1sigma": [
                0.0007071606475769838,
                0.000972019132724953
            ],
            "2sigma": [
                0.0005863495151490865,
                0.001171456968028012
            ],
            "3sigma": [
                0.000509427835939747,
                0.0013899895368300447
            ],
            "5sigma": [
                0.0004209094423185721,
                0.0015547194254240198
            ],
            "q75%": 0.0009310265936005415,
            "q25%": 0.0007466731325517804,
            "q99%": 0.0012270451022903719,
            "q01%": 0.000571386290968495,
            "q90%": 0.0010203258516154436,
            "q10%": 0.0006720240507692288
        },
        {
            "median": 1209.3828907081554,
            "sigma": 11.89668921808402,
            "1sigma": [
                1198.0231625245635,
                1221.8165409607316
            ],
            "2sigma": [
                1185.3732166329091,
                1233.7539543930382
            ],
            "3sigma": [
                1171.308322295034,
                1240.5343640615013
            ],
            "5sigma": [
                1171.0349071624728,
                1246.9574260049153
            ],
            "q75%": 1218.0475908369874,
            "q25%": 1201.6229177102741,
            "q99%": 1237.2782929187829,
            "q01%": 1180.4728726272583,
            "q90%": 1225.369071027707,
            "q10%": 1194.5737668288405
        },
        {
            "median": 0.0008888243252947428,
            "sigma": 9.30410372246275e-05,
            "1sigma": [
                0.0007998337168389696,
                0.0009859157912882246
            ],
            "2sigma": [
                0.0007155383532552467,
                0.0010749276505405546
            ],
            "3sigma": [
                0.0006065797189954703,
                0.0011555504108105425
            ],
            "5sigma": [
                0.0005689534545182213,
                0.0011578732159541784
            ],
            "q75%": 0.0009549389155610738,
            "q25%": 0.000827085247862638,
            "q99%": 0.0010910971575821022,
            "q01%": 0.0006941654776958491,
            "q90%": 0.0010100579456883958,
            "q10%": 0.0007731659500425753
        },
        {
            "median": 60.99855768582509,
            "sigma": 0.9781358647385581,
            "1sigma": [
                60.02454408994187,
                61.980815819418986
            ],
            "2sigma": [
                59.14161466124185,
                62.873751084926774
            ],
            "3sigma": [
                58.361446574836926,
                64.01217147348507
            ],
            "5sigma": [
                57.70878258873694,
                64.10080779527806
            ],
            "q75%": 61.710754467276175,
            "q25%": 60.3569646018577,
            "q99%": 63.24406342842325,
            "q01%": 58.84463904442092,
            "q90%": 62.24277320880823,
            "q10%": 59.71796479193137
        }
    ]
}