,Median,1 sigma low,1 sigma high,2 sigma low,2 sigma high,1sigma error low,1sigma error high,Profile
0,0.00033654628370605595,0.0002726414783606164,0.0004184713679911366,0.00022175262895845238,0.0005311978775256775,6.390480534543952e-05,8.192508428508065e-05,SW_7_6_1
