,dpdt,T,Kd,MI_radius,Profile
0,0.00033654628370605595,1211.0360002333125,0.0009059327945730335,42.40370052718416,SW_7_6_1
