{
    "modes": [],
    "nested sampling global log-evidence": -3.7398548989473337,
    "nested sampling global log-evidence error": 0.09008298193549842,
    "global evidence": -3.7398548989473337,
    "global evidence error": 0.09008298193549842,
    "marginals": [
        {
            "median": 0.00033654628370605595,
            "sigma": 7.291494481526009e-05,
            "1sigma": [
                0.0002726414783606164,
                0.0004184713679911366
            ],
            "2sigma": [
                0.00022175262895845238,
                0.0005311978775256775
            ],
            "3sigma": [
                0.00019544676576952494,
                0.000629802787943527
            ],
            "5sigma": [
                0.00013499734633005376,
                0.0010360485198857025
            ],
            "q75%": 0.00038930397007007046,
            "q25%": 0.000289507561987689,
            "q99%": 0.0005691206996401798,
            "q01%": 0.00021079771454021842,
            "q90%": 0.0004461010773522935,
            "q10%": 0.0002597080771339575
        },
        {
            "median": 1211.0360002333125,
            "sigma": 12.924118981273637,
            "1sigma": [
                1198.2231638132964,
                1224.0714017758437
            ],
            "2sigma": [
                1186.0223488477682,
                1234.1765925765167
            ],
            "3sigma": [
                1168.134754315789,
                1247.2842836225457
            ],
            "5sigma": [
                1165.9582247446124,
                1248.7666516674624
            ],
            "q75%": 1219.8438916682164,
            "q25%": 1201.9091656990488,
            "q99%": 1239.7510786146368,
            "q01%": 1182.4122084947949,
            "q90%": 1227.054195543551,
            "q10%": 1194.7800511661633
        },
        {
            "median": 0.0009059327945730335,
            "sigma": 9.576625451813574e-05,
            "1sigma": [
                0.0008101131802136058,
                0.0010016456892498772
            ],
            "2sigma": [
                0.0007444621300323008,
                0.0011034612264568902
            ],
            "3sigma": [
                0.0006195887453425341,
                0.0011949436709590762
            ],
            "5sigma": [
                0.0006004248726477078,
                0.001224136023569612
            ],
            "q75%": 0.000973776827236624,
            "q25%": 0.0008376365936324388,
            "q99%": 0.0011361294024062375,
            "q01%": 0.0007019941878285348,
            "q90%": 0.0010303346345379785,
            "q10%": 0.0007903472273664927
        },
        {
            "median": 42.40370052718416,
            "sigma": 0.9267621310661909,
            "1sigma": [
                41.52630258896041,
                43.379826851092794
            ],
            "2sigma": [
                40.68172686265082,
                44.21019856145038
            ],
            "3sigma": [
                39.70710149812848,
                45.191123175434306
            ],
            "5sigma": [
                38.959710228184,
                45.46583751343096
            ],
            "q75%": 43.103714802685076,
            "q25%": 41.77569631921095,
            "q99%": 44.70107377259542,
            "q01%": 40.34404253115727,
            "q90%": 43.69772936859873,
            "q10%": 41.27555528341258
        }
    ]
}