,dpdt,T,Kd,MI_radius,Profile
0,5.131347223144141e-05,1212.3368417073227,0.0008896858862040501,142.66453736311803,K97_23_16_1
