{
    "modes": [],
    "nested sampling global log-evidence": -4.097307258765069,
    "nested sampling global log-evidence error": 0.09519151740064641,
    "global evidence": -4.097307258765069,
    "global evidence error": 0.09519151740064641,
    "marginals": [
        {
            "median": 5.131347223144141e-05,
            "sigma": 9.166414782840151e-06,
            "1sigma": [
                4.268482661008012e-05,
                6.1017656175760424e-05
            ],
            "2sigma": [
                3.609228522694602e-05,
                7.222589705358772e-05
            ],
            "3sigma": [
                3.118315197512738e-05,
                9.082928198731557e-05
            ],
            "5sigma": [
                2.35760193849851e-05,
                0.0001332626060170813
            ],
            "q75%": 5.6835959809728455e-05,
            "q25%": 4.529862578606242e-05,
            "q99%": 8.070824171101631e-05,
            "q01%": 3.38643462407673e-05,
            "q90%": 6.452389187454551e-05,
            "q10%": 4.045001685232253e-05
        },
        {
            "median": 1212.3368417073227,
            "sigma": 11.078911244196206,
            "1sigma": [
                1201.4222785728832,
                1223.5801010612756
            ],
            "2sigma": [
                1190.6388229837135,
                1233.9312676697598
            ],
            "3sigma": [
                1180.824350391884,
                1246.0039773541569
            ],
            "5sigma": [
                1167.4143264021702,
                1247.9205271786732
            ],
            "q75%": 1220.0153286327293,
            "q25%": 1205.4343938641239,
            "q99%": 1238.2381296563915,
            "q01%": 1186.6362106905235,
            "q90%": 1226.480610095842,
            "q10%": 1198.3412662403507
        },
        {
            "median": 0.0008896858862040501,
            "sigma": 9.199739343820673e-05,
            "1sigma": [
                0.0007982504158322598,
                0.0009822452027086733
            ],
            "2sigma": [
                0.0007120411699296031,
                0.0010668389604311485
            ],
            "3sigma": [
                0.000623068794391669,
                0.0011589999980935054
            ],
            "5sigma": [
                0.0005882123950653345,
                0.0011807030772695239
            ],
            "q75%": 0.0009514412460971831,
            "q25%": 0.0008237847683918391,
            "q99%": 0.0010858643594508811,
            "q01%": 0.000681797452549074,
            "q90%": 0.0010064460213612863,
            "q10%": 0.0007706408932053376
        },
        {
            "median": 142.66453736311803,
            "sigma": 0.9257576362286812,
            "1sigma": [
                141.67246530118774,
                143.5239805736451
            ],
            "2sigma": [
                140.72499366338627,
                144.3763786386836
            ],
            "3sigma": [
                139.95107680134737,
                145.45741642393259
            ],
            "5sigma": [
                139.33063340908134,
                145.7711589494888
            ],
            "q75%": 143.19459987806127,
            "q25%": 141.98460261815805,
            "q99%": 144.68736631321383,
            "q01%": 140.49980768423907,
            "q90%": 143.7406835299911,
            "q10%": 141.45116066415787
        }
    ]
}