,dpdt,T,Kd,MI_radius,Profile
0,0.0007751085648777715,1209.4888139568955,0.0009141512405268576,88.97576280176885,SW_7_2_1
