{
    "modes": [],
    "nested sampling global log-evidence": -4.192912915732966,
    "nested sampling global log-evidence error": 0.09630862727819993,
    "global evidence": -4.192912915732966,
    "global evidence error": 0.09630862727819993,
    "marginals": [
        {
            "median": 0.0007751085648777715,
            "sigma": 0.0001389999330123982,
            "1sigma": [
                0.0006403720890061998,
                0.0009183719550309962
            ],
            "2sigma": [
                0.0005476014884438873,
                0.0010472175920292041
            ],
            "3sigma": [
                0.0004483072834488308,
                0.0012945850912683239
            ],
            "5sigma": [
                0.0003958364385822065,
                0.0016292594588896829
            ],
            "q75%": 0.0008642097714822678,
            "q25%": 0.0006803012373596873,
            "q99%": 0.001148522603579115,
            "q01%": 0.0005006245438656674,
            "q90%": 0.000950428352840334,
            "q10%": 0.0006171703399195426
        },
        {
            "median": 1209.4888139568955,
            "sigma": 12.907249630382694,
            "1sigma": [
                1196.8723842297695,
                1222.686883490535
            ],
            "2sigma": [
                1187.827139916388,
                1234.151932930141
            ],
            "3sigma": [
                1177.8804449285212,
                1244.5356026400646
            ],
            "5sigma": [
                1174.8937165368402,
                1250.407446417772
            ],
            "q75%": 1219.115828070452,
            "q25%": 1201.0774682241342,
            "q99%": 1236.5548352519847,
            "q01%": 1185.0819655641822,
            "q90%": 1226.1619025221435,
            "q10%": 1194.0607101353758
        },
        {
            "median": 0.0009141512405268576,
            "sigma": 9.442208708376304e-05,
            "1sigma": [
                0.0008134841507125703,
                0.0010023283248800964
            ],
            "2sigma": [
                0.000734653253449038,
                0.0010897716112249108
            ],
            "3sigma": [
                0.000643150741411398,
                0.00117879148488486
            ],
            "5sigma": [
                0.0005254374996622281,
                0.0012775702293333694
            ],
            "q75%": 0.0009715692349304192,
            "q25%": 0.0008452085661684507,
            "q99%": 0.0011179082300606872,
            "q01%": 0.0007143263376548398,
            "q90%": 0.0010324159721608428,
            "q10%": 0.000791085277199791
        },
        {
            "median": 88.97576280176885,
            "sigma": 0.8810956323655077,
            "1sigma": [
                88.10006625939114,
                89.86225752412216
            ],
            "2sigma": [
                87.32361334278696,
                90.76199433262774
            ],
            "3sigma": [
                86.50582316994102,
                91.54196393380583
            ],
            "5sigma": [
                85.80874143258117,
                91.60991549066416
            ],
            "q75%": 89.60127764622946,
            "q25%": 88.32602650197035,
            "q99%": 91.04316725574047,
            "q01%": 87.02499071492349,
            "q90%": 90.13058466914441,
            "q10%": 87.8853769309479
        }
    ]
}