,dpdt,T,Kd,MI_radius,Profile
0,9.856195428476885e-05,1210.67585797123,0.0009082663075411328,91.53051688872388,K97_23_16_3
