,Median,1 sigma low,1 sigma high,2 sigma low,2 sigma high,1sigma error low,1sigma error high,Profile
0,9.856195428476885e-05,7.958819845261805e-05,0.0001212608377262122,6.496094585638058e-05,0.00014727402631025554,1.8973755832150797e-05,2.269888344144335e-05,K97_23_16_3
