{
    "modes": [],
    "nested sampling global log-evidence": -3.7515326634002997,
    "nested sampling global log-evidence error": 0.09026848886775866,
    "global evidence": -3.7515326634002997,
    "global evidence error": 0.09026848886775866,
    "marginals": [
        {
            "median": 9.856195428476885e-05,
            "sigma": 2.0836319636797074e-05,
            "1sigma": [
                7.958819845261805e-05,
                0.0001212608377262122
            ],
            "2sigma": [
                6.496094585638058e-05,
                0.00014727402631025554
            ],
            "3sigma": [
                5.0514939982401734e-05,
                0.00018240458703174317
            ],
            "5sigma": [
                4.21897500908842e-05,
                0.0003368213172776698
            ],
            "q75%": 0.00011166753707584117,
            "q25%": 8.46088429252421e-05,
            "q99%": 0.00016021410409012998,
            "q01%": 6.071398768026543e-05,
            "q90%": 0.00012838840972067685,
            "q10%": 7.540762861223702e-05
        },
        {
            "median": 1210.67585797123,
            "sigma": 12.60465935866523,
            "1sigma": [
                1198.1713903777925,
                1223.380709095123
            ],
            "2sigma": [
                1188.5666868937535,
                1234.3411157657285
            ],
            "3sigma": [
                1178.5292681606325,
                1248.3177248982001
            ],
            "5sigma": [
                1171.5892103568194,
                1251.2947455881813
            ],
            "q75%": 1219.3257695287946,
            "q25%": 1202.3034493888501,
            "q99%": 1242.2285696933407,
            "q01%": 1183.7267656573836,
            "q90%": 1226.501864847601,
            "q10%": 1194.925026510037
        },
        {
            "median": 0.0009082663075411328,
            "sigma": 9.211482019172066e-05,
            "1sigma": [
                0.0008055986607960043,
                0.0009898283011794456
            ],
            "2sigma": [
                0.0007243486383922223,
                0.0010658950342102575
            ],
            "3sigma": [
                0.0005929269201350409,
                0.0011806228720386367
            ],
            "5sigma": [
                0.000560831215001502,
                0.0012241211352247928
            ],
            "q75%": 0.0009659816008351801,
            "q25%": 0.0008364753708514313,
            "q99%": 0.001090810120616022,
            "q01%": 0.000696251004567823,
            "q90%": 0.0010101050659832675,
            "q10%": 0.0007786580375502494
        },
        {
            "median": 91.53051688872388,
            "sigma": 0.9321396866494069,
            "1sigma": [
                90.61236553111246,
                92.47664490441127
            ],
            "2sigma": [
                89.83012091395143,
                93.27499381589733
            ],
            "3sigma": [
                89.0068897697539,
                94.38425166865011
            ],
            "5sigma": [
                88.01019088616225,
                94.83272661634541
            ],
            "q75%": 92.22090883910398,
            "q25%": 90.90284931650794,
            "q99%": 93.62364098361078,
            "q01%": 89.6100082046782,
            "q90%": 92.67089633419373,
            "q10%": 90.39443556885679
        }
    ]
}