{
    "modes": [],
    "nested sampling global log-evidence": -13.487407260139367,
    "nested sampling global log-evidence error": 0.10630123714498184,
    "global evidence": -13.487407260139367,
    "global evidence error": 0.10630123714498184,
    "marginals": [
        {
            "median": 6.975943259926729,
            "sigma": 11.908651613945716,
            "1sigma": [
                1.706900761625182,
                25.524203989516614
            ],
            "2sigma": [
                0.6098952086609534,
                70.5881806431668
            ],
            "3sigma": [
                0.18683292494278916,
                208.3062613307494
            ],
            "5sigma": [
                0.11624086620210938,
                318.65816074618226
            ],
            "q75%": 17.18464995409864,
            "q25%": 2.6753537380836434,
            "q99%": 105.50216796504336,
            "q01%": 0.3936823716557743,
            "q90%": 35.064228199138995,
            "q10%": 1.193311686929566
        },
        {
            "median": 1212.354014020184,
            "sigma": 12.596750718984481,
            "1sigma": [
                1199.7591288479762,
                1224.9526302859451
            ],
            "2sigma": [
                1186.3269386257562,
                1237.4538081366768
            ],
            "3sigma": [
                1171.582921896235,
                1253.0278081146275
            ],
            "5sigma": [
                1166.553520905403,
                1254.0289259890003
            ],
            "q75%": 1221.067912473687,
            "q25%": 1203.9221917043053,
            "q99%": 1243.1640902971951,
            "q01%": 1182.3434309552658,
            "q90%": 1228.3981960358715,
            "q10%": 1195.7775859511155
        },
        {
            "median": -18.325039164899167,
            "sigma": 0.4759890894569079,
            "1sigma": [
                -18.82467625659066,
                -17.872698077676844
            ],
            "2sigma": [
                -19.31550757572954,
                -17.447476641425656
            ],
            "3sigma": [
                -19.804858202064825,
                -16.824498973320516
            ],
            "5sigma": [
                -19.911125827019617,
                -16.748499954918255
            ],
            "q75%": -18.010799748620148,
            "q25%": -18.662099310245523,
            "q99%": -17.286223970154396,
            "q01%": -19.543692768133855,
            "q90%": -17.747465581185295,
            "q10%": -18.938408277486968
        },
        {
            "median": 0.7580580983554198,
            "sigma": 0.0910100926542407,
            "1sigma": [
                0.6661332146481133,
                0.8481533999565947
            ],
            "2sigma": [
                0.5779523728654533,
                0.9336363731499301
            ],
            "3sigma": [
                0.44992051791246146,
                1.03118702409307
            ],
            "5sigma": [
                0.3754035839402786,
                1.0523465013914979
            ],
            "q75%": 0.8171038481513493,
            "q25%": 0.6982501968134573,
            "q99%": 0.9732740045675254,
            "q01%": 0.5385690616390415,
            "q90%": 0.8753294185786656,
            "q10%": 0.6420871986126871
        },
        {
            "median": 202650.45806832187,
            "sigma": 15747.401893315167,
            "1sigma": [
                186402.83693548263,
                217897.64072211296
            ],
            "2sigma": [
                174368.81482883618,
                232688.29259349158
            ],
            "3sigma": [
                159085.3515140372,
                244211.86246858616
            ],
            "5sigma": [
                153221.6332122548,
                257136.15594695383
            ],
            "q75%": 213116.15552980988,
            "q25%": 191382.31245369665,
            "q99%": 238267.18083557684,
            "q01%": 168938.53957258837,
            "q90%": 222066.81812671345,
            "q10%": 182433.75488838588
        },
        {
            "median": 0.8595257348025507,
            "sigma": 0.00027468358950505367,
            "1sigma": [
                0.8592361986070604,
                0.8597855657860705
            ],
            "2sigma": [
                0.8589040043979411,
                0.859961132904303
            ],
            "3sigma": [
                0.8585404776170055,
                0.8599964410831865
            ],
            "5sigma": [
                0.8580026597221093,
                0.8599991378653429
            ],
            "q75%": 0.8597004438392122,
            "q25%": 0.8593249620920989,
            "q99%": 0.8599881821606536,
            "q01%": 0.8587666201822142,
            "q90%": 0.8598437176640957,
            "q10%": 0.8591413289458584
        },
        {
            "median": 0.8664379833710638,
            "sigma": 8.877099616499962e-05,
            "1sigma": [
                0.8663480634813557,
                0.8665256054736857
            ],
            "2sigma": [
                0.8662534418623542,
                0.8666118821821851
            ],
            "3sigma": [
                0.8661606235575241,
                0.8666975363254086
            ],
            "5sigma": [
                0.8660049430982735,
                0.8669195872747271
            ],
            "q75%": 0.8664930841302958,
            "q25%": 0.8663800780273981,
            "q99%": 0.8666394933889774,
            "q01%": 0.8662129787490319,
            "q90%": 0.8665511567773033,
            "q10%": 0.8663225211655097
        },
        {
            "median": 4.382499036566888,
            "sigma": 2.37784812015373,
            "1sigma": [
                1.8145011251043792,
                6.570197365411839
            ],
            "2sigma": [
                0.4474108677292794,
                7.846788185706846
            ],
            "3sigma": [
                0.1267052045820996,
                8.891680315070996
            ],
            "5sigma": [
                0.10439208563787487,
                9.92779370629019
            ],
            "q75%": 5.9358240363766885,
            "q25%": 2.581733413366437,
            "q99%": 8.237486810231776,
            "q01%": 0.2798458451826606,
            "q90%": 6.984877319795738,
            "q10%": 1.301587600303606
        }
    ]
}