{
    "modes": [],
    "nested sampling global log-evidence": -13.631000901906264,
    "nested sampling global log-evidence error": 0.11307229730281497,
    "global evidence": -13.631000901906264,
    "global evidence error": 0.11307229730281497,
    "marginals": [
        {
            "median": 42.74085045552637,
            "sigma": 65.13057451874259,
            "1sigma": [
                12.353155751578162,
                142.61430478906334
            ],
            "2sigma": [
                3.92877690710562,
                299.4102695360985
            ],
            "3sigma": [
                1.4671156316377911,
                557.0055604739874
            ],
            "5sigma": [
                0.6782250506779871,
                2644.821941909623
            ],
            "q75%": 100.53000404142783,
            "q25%": 18.63292169769649,
            "q99%": 364.49362965825634,
            "q01%": 2.5487457119233214,
            "q90%": 184.39939014735077,
            "q10%": 8.34811042853092
        },
        {
            "median": 1204.0423282891898,
            "sigma": 12.864134006083646,
            "1sigma": [
                1192.1084994203072,
                1217.8367674324745
            ],
            "2sigma": [
                1181.0261668171804,
                1228.2761121516307
            ],
            "3sigma": [
                1169.6433540516764,
                1246.726780588333
            ],
            "5sigma": [
                1152.421528355101,
                1253.5392891291576
            ],
            "q75%": 1213.169591359237,
            "q25%": 1195.0053100725083,
            "q99%": 1233.5461756186924,
            "q01%": 1175.0917991892954,
            "q90%": 1221.542775213864,
            "q10%": 1188.742010803186
        },
        {
            "median": -18.611804307406313,
            "sigma": 0.4501973755022437,
            "1sigma": [
                -19.037570147418908,
                -18.13717539641442
            ],
            "2sigma": [
                -19.49199843562404,
                -17.66282128737117
            ],
            "3sigma": [
                -19.960489032747503,
                -16.997428150798182
            ],
            "5sigma": [
                -20.1794908554841,
                -16.800098047652657
            ],
            "q75%": -18.291310630611306,
            "q25%": -18.915851696499313,
            "q99%": -17.47928315500645,
            "q01%": -19.63381546623006,
            "q90%": -18.00741037541121,
            "q10%": -19.172026196504753
        },
        {
            "median": 0.3866944154700421,
            "sigma": 0.08518541489047321,
            "1sigma": [
                0.3024970409015236,
                0.47286787068247
            ],
            "2sigma": [
                0.21881061049796546,
                0.56217127227521
            ],
            "3sigma": [
                0.10473437692875871,
                0.6618628786127855
            ],
            "5sigma": [
                0.03296189980687336,
                0.6928829060716095
            ],
            "q75%": 0.44331908476027265,
            "q25%": 0.32946651995818244,
            "q99%": 0.6130881009300329,
            "q01%": 0.18809650432002487,
            "q90%": 0.49875428669740995,
            "q10%": 0.27629673684747325
        },
        {
            "median": 199265.06054709642,
            "sigma": 13876.51500719448,
            "1sigma": [
                185852.50214178383,
                213605.5321561728
            ],
            "2sigma": [
                173337.16298516822,
                223301.22750405813
            ],
            "3sigma": [
                161999.2379960205,
                237292.5215329562
            ],
            "5sigma": [
                158924.5280523249,
                247238.49273376085
            ],
            "q75%": 208739.81973217698,
            "q25%": 189546.27363985113,
            "q99%": 227029.80558129537,
            "q01%": 168433.27955567275,
            "q90%": 217765.55420886312,
            "q10%": 182522.1114715691
        },
        {
            "median": 0.8507688561863329,
            "sigma": 0.00016807468796969927,
            "1sigma": [
                0.8505669492521741,
                0.8509030986281135
            ],
            "2sigma": [
                0.8503397428908627,
                0.8509725572611968
            ],
            "3sigma": [
                0.8500842403462708,
                0.8509983183085228
            ],
            "5sigma": [
                0.8495348691602089,
                0.850999912642792
            ],
            "q75%": 0.8508650711280407,
            "q25%": 0.8506336148862592,
            "q99%": 0.8509853203595208,
            "q01%": 0.8502389522254921,
            "q90%": 0.8509352803172201,
            "q10%": 0.8505004444757449
        },
        {
            "median": 0.8435017211763352,
            "sigma": 0.00029162737670851424,
            "1sigma": [
                0.84317389635912,
                0.843757151112537
            ],
            "2sigma": [
                0.8427281616068556,
                0.8439279179863739
            ],
            "3sigma": [
                0.8421347800586424,
                0.8439974977607771
            ],
            "5sigma": [
                0.8420003927947197,
                0.8439994599077312
            ],
            "q75%": 0.8436753414244312,
            "q25%": 0.8432986942684156,
            "q99%": 0.8439685913443121,
            "q01%": 0.8424986053541297,
            "q90%": 0.84381982591365,
            "q10%": 0.8430550299668543
        },
        {
            "median": 26.624151134271973,
            "sigma": 12.708009032338971,
            "1sigma": [
                10.805019305547361,
                36.221037370225304
            ],
            "2sigma": [
                2.155351578061583,
                40.64176563322916
            ],
            "3sigma": [
                0.2769575660811459,
                44.52514315218026
            ],
            "5sigma": [
                0.23986277847159115,
                52.48968022198982
            ],
            "q75%": 33.971922218587196,
            "q25%": 15.366666300230397,
            "q99%": 42.19051164879344,
            "q01%": 1.1074520385245321,
            "q90%": 37.72315429377569,
            "q10%": 7.490556951059738
        }
    ]
}