,dpdt,T,Kd,MI_radius,Profile
0,0.06468599743537568,1210.1470283049305,0.0008846366308332998,101.5655986217406,K97_23_16_2
