{
    "modes": [],
    "nested sampling global log-evidence": -0.6857225086910901,
    "nested sampling global log-evidence error": 0.0365012164716155,
    "global evidence": -0.6857225086910901,
    "global evidence error": 0.0365012164716155,
    "marginals": [
        {
            "median": 0.06468599743537568,
            "sigma": 1.1026423387906406,
            "1sigma": [
                0.0023498351557467026,
                2.2076345127370276
            ],
            "2sigma": [
                0.000514109189880127,
                7.303282855586117
            ],
            "3sigma": [
                0.00028108011841305726,
                9.495983487012147
            ],
            "5sigma": [
                0.000149309541982329,
                9.649315132737689
            ],
            "q75%": 0.9113816288420941,
            "q25%": 0.005967059708791861,
            "q99%": 8.358782949280398,
            "q01%": 0.00040332285408536896,
            "q90%": 3.643296590503536,
            "q10%": 0.0012486139020534389
        },
        {
            "median": 1210.1470283049305,
            "sigma": 12.728622966188368,
            "1sigma": [
                1197.3642521032,
                1222.8214980355767
            ],
            "2sigma": [
                1187.7983464565561,
                1233.6060907660878
            ],
            "3sigma": [
                1174.7720038090465,
                1251.6558169314133
            ],
            "5sigma": [
                1172.520326599247,
                1251.9303499559012
            ],
            "q75%": 1218.6935501959838,
            "q25%": 1202.2577855480206,
            "q99%": 1240.2462093229221,
            "q01%": 1182.7669275980877,
            "q90%": 1224.8907319129396,
            "q10%": 1193.9891961479984
        },
        {
            "median": 0.0008846366308332998,
            "sigma": 9.898897462207325e-05,
            "1sigma": [
                0.0007931596949640665,
                0.000991137644208213
            ],
            "2sigma": [
                0.0007009425550437044,
                0.0010786978076122904
            ],
            "3sigma": [
                0.0005660528241483246,
                0.001183760081747285
            ],
            "5sigma": [
                0.0005660528241483246,
                0.0012162084621083888
            ],
            "q75%": 0.0009628004842605296,
            "q25%": 0.0008232226503097365,
            "q99%": 0.001116266556687793,
            "q01%": 0.0006633791537354139,
            "q90%": 0.0010193404536853092,
            "q10%": 0.0007605915601694737
        },
        {
            "median": 101.5655986217406,
            "sigma": 0.9379508297598349,
            "1sigma": [
                100.62069223915282,
                102.49659389867249
            ],
            "2sigma": [
                99.46599660174245,
                103.4516220388995
            ],
            "3sigma": [
                98.1686184919834,
                103.99924730907847
            ],
            "5sigma": [
                98.09415038088149,
                104.1313845245688
            ],
            "q75%": 102.16057059619177,
            "q25%": 100.8891193561781,
            "q99%": 103.73634512661765,
            "q01%": 99.13010261712542,
            "q90%": 102.76192813511503,
            "q10%": 100.28841970112936
        }
    ]
}