,Median,1 sigma low,1 sigma high,2 sigma low,2 sigma high,1sigma error low,1sigma error high,Profile
0,0.0038784958583091833,0.003211187171337468,0.004706442974150692,0.002691594133822453,0.00555186091227662,0.0006673086869717153,0.000827947115841509,SW_7_6_1
