,dpdt,T,Kd,MI_radius,Profile
0,0.0038784958583091833,1209.8500523281919,0.0009139475719773689,42.37109700238414,SW_7_6_1
