{
    "modes": [],
    "nested sampling global log-evidence": -3.7761007973391947,
    "nested sampling global log-evidence error": 0.09074904893899566,
    "global evidence": -3.7761007973391947,
    "global evidence error": 0.09074904893899566,
    "marginals": [
        {
            "median": 0.0038784958583091833,
            "sigma": 0.0007476279014066122,
            "1sigma": [
                0.003211187171337468,
                0.004706442974150692
            ],
            "2sigma": [
                0.002691594133822453,
                0.00555186091227662
            ],
            "3sigma": [
                0.002168834850404217,
                0.0069995010109645634
            ],
            "5sigma": [
                0.0016947653187113728,
                0.010479432525034898
            ],
            "q75%": 0.0044058502032983315,
            "q25%": 0.0034193165399626956,
            "q99%": 0.005951442682363212,
            "q01%": 0.0024565939890651175,
            "q90%": 0.004988921148837092,
            "q10%": 0.0030174346900814523
        },
        {
            "median": 1209.8500523281919,
            "sigma": 12.049577120725417,
            "1sigma": [
                1197.5484457888344,
                1221.6476000302853
            ],
            "2sigma": [
                1186.654179436701,
                1234.2354611947055
            ],
            "3sigma": [
                1170.858893845002,
                1247.546047582062
            ],
            "5sigma": [
                1164.0652307797575,
                1250.5731910414816
            ],
            "q75%": 1218.121363926481,
            "q25%": 1201.467528599712,
            "q99%": 1239.2618961865687,
            "q01%": 1182.7629014770314,
            "q90%": 1224.667670466926,
            "q10%": 1194.107901745558
        },
        {
            "median": 0.0009139475719773689,
            "sigma": 9.239785560151675e-05,
            "1sigma": [
                0.0008164636030302775,
                0.001001259314233311
            ],
            "2sigma": [
                0.0007348030684013081,
                0.0010997124377215184
            ],
            "3sigma": [
                0.0006517196863019555,
                0.0012004061370816618
            ],
            "5sigma": [
                0.0006366683006536651,
                0.0012178806915431391
            ],
            "q75%": 0.0009720376451700663,
            "q25%": 0.0008521773276350561,
            "q99%": 0.0011333317265771756,
            "q01%": 0.0006937204652375168,
            "q90%": 0.001028601999478857,
            "q10%": 0.0007898184966189871
        },
        {
            "median": 42.37109700238414,
            "sigma": 0.9639239657848755,
            "1sigma": [
                41.447415714347294,
                43.375263645917045
            ],
            "2sigma": [
                40.666550958302096,
                44.20686956566166
            ],
            "3sigma": [
                39.728796028483146,
                44.96409701880994
            ],
            "5sigma": [
                39.31921785969457,
                45.63785337389221
            ],
            "q75%": 43.0437464848029,
            "q25%": 41.7292339877672,
            "q99%": 44.50118475749395,
            "q01%": 40.13695713726399,
            "q90%": 43.60567126431307,
            "q10%": 41.15360216869023
        }
    ]
}