{
    "modes": [],
    "nested sampling global log-evidence": -42.10226427617395,
    "nested sampling global log-evidence error": 0.18703149230419328,
    "global evidence": -42.10226427617395,
    "global evidence error": 0.18703149230419328,
    "marginals": [
        {
            "median": 0.35534967017406743,
            "sigma": 0.5393947217041941,
            "1sigma": [
                0.14629623377452647,
                1.2250856771829146
            ],
            "2sigma": [
                0.10730162480050945,
                4.85135723606605
            ],
            "3sigma": [
                0.10016690972213588,
                13.745749187133839
            ],
            "5sigma": [
                0.10001333447164165,
                68.21553065099263
            ],
            "q75%": 0.8282072242139997,
            "q25%": 0.183280220758177,
            "q99%": 7.365025045294556,
            "q01%": 0.10282650641584551,
            "q90%": 1.7783393446739968,
            "q10%": 0.12758906984516452
        },
        {
            "median": 13.417126063007588,
            "sigma": 16.032957134699437,
            "1sigma": [
                4.2567734948838,
                36.322687764282676
            ],
            "2sigma": [
                1.7520893940124715,
                69.80808575046736
            ],
            "3sigma": [
                0.9601534323605672,
                105.44342061606334
            ],
            "5sigma": [
                0.5020502411461398,
                164.4781846169944
            ],
            "q75%": 28.266867056547106,
            "q25%": 6.213709858561824,
            "q99%": 81.94105448749414,
            "q01%": 1.2552916089418382,
            "q90%": 44.3394730849935,
            "q10%": 3.3002503266756196
        },
        {
            "median": 1186.4395319385228,
            "sigma": 13.978999921825675,
            "1sigma": [
                1172.3589014564086,
                1200.31690130006
            ],
            "2sigma": [
                1157.8905031439417,
                1214.3731653704149
            ],
            "3sigma": [
                1142.6398915057234,
                1232.341954336995
            ],
            "5sigma": [
                1133.646434094537,
                1238.7478379374052
            ],
            "q75%": 1195.6663496157967,
            "q25%": 1176.988217143626,
            "q99%": 1220.7196487272038,
            "q01%": 1153.3327988186243,
            "q90%": 1204.5756969660667,
            "q10%": 1168.3943979190485
        },
        {
            "median": 1204.936177468347,
            "sigma": 13.61553251960106,
            "1sigma": [
                1192.1117711417035,
                1219.3428361809056
            ],
            "2sigma": [
                1179.2811754709721,
                1232.5779308918452
            ],
            "3sigma": [
                1164.7949043147178,
                1245.293997475293
            ],
            "5sigma": [
                1158.882432677909,
                1254.164558280881
            ],
            "q75%": 1215.2210009519588,
            "q25%": 1196.2762987890997,
            "q99%": 1237.4095094013471,
            "q01%": 1174.8669365249552,
            "q90%": 1223.0178698985826,
            "q10%": 1188.167605346484
        },
        {
            "median": -18.702111351484508,
            "sigma": 0.4533146695272361,
            "1sigma": [
                -19.164319430164465,
                -18.257690091109993
            ],
            "2sigma": [
                -19.604493768305307,
                -17.792043096832263
            ],
            "3sigma": [
                -20.005306781721515,
                -17.125503853842368
            ],
            "5sigma": [
                -20.25707297539357,
                -17.01737975979752
            ],
            "q75%": -18.40910431723461,
            "q25%": -19.010962441634106,
            "q99%": -17.6197933964107,
            "q01%": -19.778555800333105,
            "q90%": -18.111101083505204,
            "q10%": -19.317021673150748
        },
        {
            "median": 0.398243075559025,
            "sigma": 0.09501548963173781,
            "1sigma": [
                0.30434086973950775,
                0.49437184900298337
            ],
            "2sigma": [
                0.21540110032235535,
                0.5880618270673161
            ],
            "3sigma": [
                0.09457415003339105,
                0.6928886352196817
            ],
            "5sigma": [
                0.07930975650926186,
                0.6998290111984812
            ],
            "q75%": 0.46249995737278604,
            "q25%": 0.33532456302652186,
            "q99%": 0.621987289257649,
            "q01%": 0.17849481607899698,
            "q90%": 0.522399943711022,
            "q10%": 0.27895449781178744
        },
        {
            "median": 209678.16086709776,
            "sigma": 12742.548025917757,
            "1sigma": [
                196222.46889892351,
                221707.56495075903
            ],
            "2sigma": [
                184468.85683328606,
                229287.49802571387
            ],
            "3sigma": [
                177190.63833712728,
                234275.52553266528
            ],
            "5sigma": [
                172711.70491266594,
                240367.3707019102
            ],
            "q75%": 218411.52735144985,
            "q25%": 200397.1660010645,
            "q99%": 231231.1359512965,
            "q01%": 181929.5182563232,
            "q90%": 224053.34635872024,
            "q10%": 192644.7098473052
        },
        {
            "median": 0.8488610769053446,
            "sigma": 0.00016563844426009666,
            "1sigma": [
                0.8486971938958355,
                0.8490284707843557
            ],
            "2sigma": [
                0.8485462333437072,
                0.8491970872441512
            ],
            "3sigma": [
                0.8483926653946108,
                0.8494391578464662
            ],
            "5sigma": [
                0.8481402991631077,
                0.849971326929963
            ],
            "q75%": 0.8489743533825911,
            "q25%": 0.8487461038536293,
            "q99%": 0.8492874859742159,
            "q01%": 0.8484857243383773,
            "q90%": 0.849081612260338,
            "q10%": 0.8486556811300383
        },
        {
            "median": 0.8366862800333024,
            "sigma": 0.00024023292770941618,
            "1sigma": [
                0.8364074236839266,
                0.8368878895393455
            ],
            "2sigma": [
                0.8360124429380043,
                0.8369760895979353
            ],
            "3sigma": [
                0.8352397032539154,
                0.8369972973741241
            ],
            "5sigma": [
                0.8340070990035108,
                0.8369998535502131
            ],
            "q75%": 0.836833184184293,
            "q25%": 0.8365031474074864,
            "q99%": 0.8369899402408711,
            "q01%": 0.8358064766851364,
            "q90%": 0.8369257821578697,
            "q10%": 0.8363112722781767
        },
        {
            "median": 0.8509731148384432,
            "sigma": 0.0002723162123415279,
            "1sigma": [
                0.8507079654944171,
                0.8512525979191001
            ],
            "2sigma": [
                0.8504475277492435,
                0.8515065423360951
            ],
            "3sigma": [
                0.8501263662350418,
                0.8518080744343128
            ],
            "5sigma": [
                0.8496004267812685,
                0.8519993113256801
            ],
            "q75%": 0.8511564256665747,
            "q25%": 0.8507971584906914,
            "q99%": 0.8516328684138004,