,dpdt,T,Kd,MI_radius,Profile
0,0.13215855489948913,1210.0882667937346,0.0008884737954539157,101.51472976455716,K97_23_16_2
