{
    "modes": [],
    "nested sampling global log-evidence": -0.8073766651432788,
    "nested sampling global log-evidence error": 0.04083021423945725,
    "global evidence": -0.8073766651432788,
    "global evidence error": 0.04083021423945725,
    "marginals": [
        {
            "median": 0.13215855489948913,
            "sigma": 1.5044418510587823,
            "1sigma": [
                0.00901323415572042,
                3.017896936273285
            ],
            "2sigma": [
                0.002646917755033726,
                8.45341577730016
            ],
            "3sigma": [
                0.0012487046990734168,
                9.449245249693908
            ],
            "5sigma": [
                0.0004474504806272067,
                9.455564017583141
            ],
            "q75%": 1.458229105079772,
            "q25%": 0.018840545690047065,
            "q99%": 9.204608700355621,
            "q01%": 0.0017878642352468174,
            "q90%": 4.981397094280114,
            "q10%": 0.005589823308894145
        },
        {
            "median": 1210.0882667937346,
            "sigma": 12.780757003529175,
            "1sigma": [
                1196.800290171957,
                1222.3618041790153
            ],
            "2sigma": [
                1183.64514129025,
                1233.7852015662074
            ],
            "3sigma": [
                1169.2547320402173,
                1248.8450025655463
            ],
            "5sigma": [
                1169.2547320402173,
                1249.5405513783821
            ],
            "q75%": 1218.7895171323707,
            "q25%": 1201.160950113269,
            "q99%": 1239.9201095162725,
            "q01%": 1178.7000439289259,
            "q90%": 1225.839067851766,
            "q10%": 1193.1164496774131
        },
        {
            "median": 0.0008884737954539157,
            "sigma": 0.00010239028093801818,
            "1sigma": [
                0.0007888692492253705,
                0.0009936498111014068
            ],
            "2sigma": [
                0.0006971696269886425,
                0.0010811717739672027
            ],
            "3sigma": [
                0.0006163475219666476,
                0.0012311325316709896
            ],
            "5sigma": [
                0.0006116250179645131,
                0.0012685466307911842
            ],
            "q75%": 0.0009595236507305062,
            "q25%": 0.0008192512358240705,
            "q99%": 0.0011292915289327482,
            "q01%": 0.0006767527604730104,
            "q90%": 0.0010188213555762644,
            "q10%": 0.0007586449713042589
        },
        {
            "median": 101.51472976455716,
            "sigma": 1.0573655955909231,
            "1sigma": [
                100.463606870101,
                102.57833806128285
            ],
            "2sigma": [
                99.55377052711472,
                103.39353784494486
            ],
            "3sigma": [
                98.55865262842799,
                104.55162083872483
            ],
            "5sigma": [
                98.55865262842799,
                104.89539879348776
            ],
            "q75%": 102.21915862323878,
            "q25%": 100.79223089742568,
            "q99%": 103.65114952239345,
            "q01%": 99.10052633053745,
            "q90%": 102.83036669525983,
            "q10%": 100.20379793302268
        }
    ]
}