,dpdt,T,Kd,MI_radius,Profile
0,0.0003068788470417087,1210.135545371217,0.0009129038328605764,67.51254127611406,SW_7_7_1
