{
    "modes": [],
    "nested sampling global log-evidence": -3.8645560332679287,
    "nested sampling global log-evidence error": 0.09206578822478158,
    "global evidence": -3.8645560332679287,
    "global evidence error": 0.09206578822478158,
    "marginals": [
        {
            "median": 0.0003068788470417087,
            "sigma": 6.423694150260582e-05,
            "1sigma": [
                0.00024605164595475605,
                0.0003745255289599677
            ],
            "2sigma": [
                0.00020497161425815123,
                0.00047501785755595154
            ],
            "3sigma": [
                0.000167795071076705,
                0.0006068535850987103
            ],
            "5sigma": [
                0.0001204633494220264,
                0.0010754955276472049
            ],
            "q75%": 0.00035143944466893264,
            "q25%": 0.0002645495080267189,
            "q99%": 0.0005113933138284025,
            "q01%": 0.00019103065262366794,
            "q90%": 0.0004056689764433107,
            "q10%": 0.00023311228034404155
        },
        {
            "median": 1210.135545371217,
            "sigma": 13.30956512587295,
            "1sigma": [
                1195.7464492156807,
                1222.3655794674266
            ],
            "2sigma": [
                1184.6900503479394,
                1231.58799002072
            ],
            "3sigma": [
                1164.6045612939265,
                1247.5810988268584
            ],
            "5sigma": [
                1163.8916192851746,
                1253.431923998889
            ],
            "q75%": 1218.6321086682315,
            "q25%": 1199.6573455841585,
            "q99%": 1235.9383506221195,
            "q01%": 1178.8403323057164,
            "q90%": 1224.733098212041,
            "q10%": 1192.6105823550906
        },
        {
            "median": 0.0009129038328605764,
            "sigma": 9.118509203387247e-05,
            "1sigma": [
                0.0008232821061910561,
                0.001005652290258801
            ],
            "2sigma": [
                0.000736448415136403,
                0.0010827454989603468
            ],
            "3sigma": [
                0.0006117009792772083,
                0.0011562201616937635
            ],
            "5sigma": [
                0.0005782096091974681,
                0.0011755456691724068
            ],
            "q75%": 0.000972371785770726,
            "q25%": 0.0008512729289516949,
            "q99%": 0.0011112125555134732,
            "q01%": 0.0007068897194795285,
            "q90%": 0.0010270122680853125,
            "q10%": 0.0008005025128832451
        },
        {
            "median": 67.51254127611406,
            "sigma": 0.9205563193095969,
            "1sigma": [
                66.5660145792838,
                68.407127217903
            ],
            "2sigma": [
                65.72582943445327,
                69.33475042358516
            ],
            "3sigma": [
                64.71026938050406,
                70.29536951242417
            ],
            "5sigma": [
                64.17269860957674,
                70.48357570865826
            ],
            "q75%": 68.09872045921087,
            "q25%": 66.92134386265741,
            "q99%": 69.67428998593844,
            "q01%": 65.31030673112404,
            "q90%": 68.7131633534739,
            "q10%": 66.34877506300144
        }
    ]
}