,dpdt,T,Kd,MI_radius,Profile
0,0.0011571908202881098,1209.9063970253444,0.0009093489762084066,56.58752310793987,SW_7_3_1
