,Median,1 sigma low,1 sigma high,2 sigma low,2 sigma high,1sigma error low,1sigma error high,Profile
0,0.0011571908202881098,0.0009192401689294004,0.0014139365857512762,0.0007710183354587084,0.0017772088083983625,0.00023795065135870938,0.00025674576546316644,SW_7_3_1
