{
    "modes": [],
    "nested sampling global log-evidence": -3.6024267777815115,
    "nested sampling global log-evidence error": 0.08832749705976513,
    "global evidence": -3.6024267777815115,
    "global evidence error": 0.08832749705976513,
    "marginals": [
        {
            "median": 0.0011571908202881098,
            "sigma": 0.0002473482084109379,
            "1sigma": [
                0.0009192401689294004,
                0.0014139365857512762
            ],
            "2sigma": [
                0.0007710183354587084,
                0.0017772088083983625
            ],
            "3sigma": [
                0.0005989811865307119,
                0.0022207704918634193
            ],
            "5sigma": [
                0.0004574803109269624,
                0.004051744895920637
            ],
            "q75%": 0.0013235467960779279,
            "q25%": 0.0009845315047978791,
            "q99%": 0.0019337470984689934,
            "q01%": 0.000706469400059081,
            "q90%": 0.0015154592864596893,
            "q10%": 0.0008721599661590565
        },
        {
            "median": 1209.9063970253444,
            "sigma": 13.57369833827795,
            "1sigma": [
                1196.8059104292488,
                1223.9533071058047
            ],
            "2sigma": [
                1188.1611502535666,
                1234.6624267796349
            ],
            "3sigma": [
                1179.0234014918997,
                1245.4996149393958
            ],
            "5sigma": [
                1170.6736455933135,
                1253.1903583404637
            ],
            "q75%": 1219.9190973886884,
            "q25%": 1200.1466986227535,
            "q99%": 1238.2359012479906,
            "q01%": 1184.1773436282474,
            "q90%": 1226.4452330620227,
            "q10%": 1194.1908651728954
        },
        {
            "median": 0.0009093489762084066,
            "sigma": 9.19731795538982e-05,
            "1sigma": [
                0.0008091161881532579,
                0.0009930625472610542
            ],
            "2sigma": [
                0.0007217375165849391,
                0.0010917597942648564
            ],
            "3sigma": [
                0.0006061489145600965,
                0.0011866131242471599
            ],
            "5sigma": [
                0.0005907751372557397,
                0.0012276662916417484
            ],
            "q75%": 0.0009652572611554895,
            "q25%": 0.0008355281558152601,
            "q99%": 0.001124251634956585,
            "q01%": 0.0006702010418146388,
            "q90%": 0.0010173062346563303,
            "q10%": 0.0007857803180879064
        },
        {
            "median": 56.58752310793987,
            "sigma": 1.0186321548435728,
            "1sigma": [
                55.48670790358004,
                57.523972213267186
            ],
            "2sigma": [
                54.4483503530659,
                58.48373577665972
            ],
            "3sigma": [
                53.30598572591427,
                59.355807675794544
            ],
            "5sigma": [
                52.970877151558604,
                59.869166249407584
            ],
            "q75%": 57.258728409490246,
            "q25%": 55.85081488168167,
            "q99%": 58.78436365550711,
            "q01%": 54.02062580083041,
            "q90%": 57.81271261238783,
            "q10%": 55.20334789398165
        }
    ]
}