,dpdt,T,Kd,MI_radius,Profile
0,0.0004155324275570014,1210.2294950197104,0.0008855799404124224,115.0720943735443,K97_23_1_1_1
