{
    "modes": [],
    "nested sampling global log-evidence": -2.425711754235476,
    "nested sampling global log-evidence error": 0.056727299920403686,
    "global evidence": -2.425711754235476,
    "global evidence error": 0.056727299920403686,
    "marginals": [
        {
            "median": 0.0004155324275570014,
            "sigma": 0.006988764053638877,
            "1sigma": [
                0.00022323601816273111,
                0.014200764125440486
            ],
            "2sigma": [
                0.00015394680239060371,
                3.5377302945712676
            ],
            "3sigma": [
                0.00011289932374790398,
                9.172878314768177
            ],
            "5sigma": [
                7.42673465878596e-05,
                9.892240512945856
            ],
            "q75%": 0.0017896874363445268,
            "q25%": 0.00026400376608745304,
            "q99%": 7.103291660615743,
            "q01%": 0.0001349593215866831,
            "q90%": 0.16146282031702247,
            "q10%": 0.00020041019619509355
        },
        {
            "median": 1210.2294950197104,
            "sigma": 13.594476872716655,
            "1sigma": [
                1196.3964484539167,
                1223.58540219935
            ],
            "2sigma": [
                1186.2476480363437,
                1235.6990869459712
            ],
            "3sigma": [
                1173.0350859673795,
                1249.962700635395
            ],
            "5sigma": [
                1164.507926281452,
                1256.6701232306245
            ],
            "q75%": 1219.393457866479,
            "q25%": 1201.4817907411464,
            "q99%": 1239.998604082782,
            "q01%": 1180.1346590575786,
            "q90%": 1226.4208324153913,
            "q10%": 1193.019323954485
        },
        {
            "median": 0.0008855799404124224,
            "sigma": 9.017402553983418e-05,
            "1sigma": [
                0.0008010256846430256,
                0.000981373735722694
            ],
            "2sigma": [
                0.0007205927400965222,
                0.0010810546002950267
            ],
            "3sigma": [
                0.0005849922339085389,
                0.0011543969812654515
            ],
            "5sigma": [
                0.0005411973134197969,
                0.0012010368856682201
            ],
            "q75%": 0.0009543012777347185,
            "q25%": 0.0008288200900112366,
            "q99%": 0.0011008161120826699,
            "q01%": 0.0006861855563900298,
            "q90%": 0.001008920833220691,
            "q10%": 0.0007755521269681676
        },
        {
            "median": 115.0720943735443,
            "sigma": 0.9860853677157024,
            "1sigma": [
                114.07518193923035,
                116.04735267466175
            ],
            "2sigma": [
                113.24366359928383,
                116.98602602424121
            ],
            "3sigma": [
                112.11195746813752,
                118.25773278962124
            ],
            "5sigma": [
                111.9292483953179,
                119.22929080849971
            ],
            "q75%": 115.74730799043368,
            "q25%": 114.39462528909682,
            "q99%": 117.35660015110456,
            "q01%": 112.8688373852204,
            "q90%": 116.2720162599775,
            "q10%": 113.83521981057363
        }
    ]
}