,dpdt,T,Kd,MI_radius,Profile
0,0.00018632631649535667,1210.3865376332026,0.0008917762174870963,100.36493670899556,K97_23_5_1
