{
    "modes": [],
    "nested sampling global log-evidence": -4.186031244949631,
    "nested sampling global log-evidence error": 0.09588500150756049,
    "global evidence": -4.186031244949631,
    "global evidence error": 0.09588500150756049,
    "marginals": [
        {
            "median": 0.00018632631649535667,
            "sigma": 4.706620581930524e-05,
            "1sigma": [
                0.00014278446480567,
                0.00023691687644428048
            ],
            "2sigma": [
                0.00011486995815480096,
                0.0002892431726754615
            ],
            "3sigma": [
                9.236014136197343e-05,
                0.00039954411279837166
            ],
            "5sigma": [
                7.949784517633204e-05,
                0.0005097285482888816
            ],
            "q75%": 0.00022089346325536202,
            "q25%": 0.00015561203651546062,
            "q99%": 0.00032592904760088306,
            "q01%": 0.0001063780593459367,
            "q90%": 0.0002487798571355491,
            "q10%": 0.00013392683230121447
        },
        {
            "median": 1210.3865376332026,
            "sigma": 12.500913310181886,
            "1sigma": [
                1198.2280412508517,
                1223.2298678712154
            ],
            "2sigma": [
                1186.9494962582066,
                1234.2289448145912
            ],
            "3sigma": [
                1169.7193786591718,
                1252.1864077741448
            ],
            "5sigma": [
                1169.1793820030182,
                1254.8395211807647
            ],
            "q75%": 1219.0385595078085,
            "q25%": 1201.5686232415817,
            "q99%": 1240.1197326007064,
            "q01%": 1183.0505701370855,
            "q90%": 1225.6665886631836,
            "q10%": 1195.7990742192567
        },
        {
            "median": 0.0008917762174870963,
            "sigma": 9.55638278999907e-05,
            "1sigma": [
                0.000800141568055331,
                0.0009912692238553125
            ],
            "2sigma": [
                0.0007230031365613602,
                0.0010792530243331228
            ],
            "3sigma": [
                0.0006005833547868417,
                0.0011669024906400267
            ],
            "5sigma": [
                0.0005650751126388333,
                0.0011691193639004082
            ],
            "q75%": 0.0009581868743005609,
            "q25%": 0.0008294581320623068,
            "q99%": 0.0011205819679349614,
            "q01%": 0.0006984857683838832,
            "q90%": 0.0010190399367429048,
            "q10%": 0.0007772853489714587
        },
        {
            "median": 100.36493670899556,
            "sigma": 9.278426579297026,
            "1sigma": [
                91.66340129259636,
                110.22025445119041
            ],
            "2sigma": [
                83.39810272400499,
                117.30546443359984
            ],
            "3sigma": [
                74.81620386577832,
                127.02112158513235
            ],
            "5sigma": [
                66.68248073310332,
                128.7248093018476
            ],
            "q75%": 106.83734696596431,
            "q25%": 94.53911304884075,
            "q99%": 121.00382867334092,
            "q01%": 81.3923342131432,
            "q90%": 112.5454795263163,
            "q10%": 89.4607577075669
        }
    ]
}