,dpdt,T,Kd,MI_radius,Profile
0,0.19573518294095396,1208.6884351351011,0.0008959023783909304,101.5075376763869,K97_23_16_2
