{
    "modes": [],
    "nested sampling global log-evidence": -0.962017862799685,
    "nested sampling global log-evidence error": 0.04533970903522164,
    "global evidence": -0.962017862799685,
    "global evidence error": 0.04533970903522164,
    "marginals": [
        {
            "median": 0.19573518294095396,
            "sigma": 1.444533372293679,
            "1sigma": [
                0.01923649824744967,
                2.908303242834808
            ],
            "2sigma": [
                0.006182662108718863,
                8.261048602981594
            ],
            "3sigma": [
                0.003342923008662369,
                9.68408000779382
            ],
            "5sigma": [
                0.0015821006784504427,
                9.952358629483367
            ],
            "q75%": 1.422503233247987,
            "q25%": 0.03544754192510294,
            "q99%": 8.813448293669873,
            "q01%": 0.00486895382758796,
            "q90%": 4.0558642641368055,
            "q10%": 0.011940923504993834
        },
        {
            "median": 1208.6884351351011,
            "sigma": 13.127205899729347,
            "1sigma": [
                1196.1261210704247,
                1222.3805328698834
            ],
            "2sigma": [
                1183.3159867732697,
                1233.3657274818318
            ],
            "3sigma": [
                1171.793650158726,
                1245.9373100710002
            ],
            "5sigma": [
                1171.793650158726,
                1251.7191603482245
            ],
            "q75%": 1218.160292215467,
            "q25%": 1200.036759997277,
            "q99%": 1236.826785686285,
            "q01%": 1179.0057954398728,
            "q90%": 1225.9832991697547,
            "q10%": 1192.8468865943169
        },
        {
            "median": 0.0008959023783909304,
            "sigma": 9.4658449702622e-05,
            "1sigma": [
                0.000806304935360138,
                0.000995621834765382
            ],
            "2sigma": [
                0.0007176556316544356,
                0.0010974135734210287
            ],
            "3sigma": [
                0.0006164146456709212,
                0.001183031993481571
            ],
            "5sigma": [
                0.0005963040639103308,
                0.0011947380925100089
            ],
            "q75%": 0.0009684513314286563,
            "q25%": 0.000832887435269768,
            "q99%": 0.0011258390346520913,
            "q01%": 0.0006679545369622922,
            "q90%": 0.0010222168721428521,
            "q10%": 0.0007772668184910954
        },
        {
            "median": 101.5075376763869,
            "sigma": 1.0090821441191693,
            "1sigma": [
                100.53307786118421,
                102.55124214942255
            ],
            "2sigma": [
                99.6240478942992,
                103.29211435799972
            ],
            "3sigma": [
                98.91971896884475,
                104.2336436590676
            ],
            "5sigma": [
                98.47445055241991,
                104.7160515298383
            ],
            "q75%": 102.23063789276517,
            "q25%": 100.87709456402261,
            "q99%": 103.54828336868965,
            "q01%": 99.17083675855294,
            "q90%": 102.76956241560997,
            "q10%": 100.22957431514047
        }
    ]
}