,dpdt,T,Kd,MI_radius,Profile
0,5.969108916417809e-05,1208.3682967596515,0.0008968337403778014,115.00209152563635,K97_23_1_1_1
