{
    "modes": [],
    "nested sampling global log-evidence": -3.9478994529714417,
    "nested sampling global log-evidence error": 0.09249943211020892,
    "global evidence": -3.9478994529714417,
    "global evidence error": 0.09249943211020892,
    "marginals": [
        {
            "median": 5.969108916417809e-05,
            "sigma": 1.0976413895163712e-05,
            "1sigma": [
                4.982894260364424e-05,
                7.178177039397166e-05
            ],
            "2sigma": [
                3.9864976800891884e-05,
                8.56440751467823e-05
            ],
            "3sigma": [
                3.2512424414286846e-05,
                0.00010808040773966273
            ],
            "5sigma": [
                2.8352000327964658e-05,
                0.00015961312755607068
            ],
            "q75%": 6.794173397952666e-05,
            "q25%": 5.275546899999307e-05,
            "q99%": 9.036397674772997e-05,
            "q01%": 3.7455185549332605e-05,
            "q90%": 7.588318071013662e-05,
            "q10%": 4.6879924390015627e-05
        },
        {
            "median": 1208.3682967596515,
            "sigma": 12.681477925480863,
            "1sigma": [
                1196.3001043272131,
                1221.6630601781749
            ],
            "2sigma": [
                1183.6259907001715,
                1233.117663259241
            ],
            "3sigma": [
                1163.9564834503528,
                1244.79982529054
            ],
            "5sigma": [
                1163.2759361038513,
                1248.3034016597626
            ],
            "q75%": 1217.9045553875444,
            "q25%": 1200.0545371874991,
            "q99%": 1238.7614424148064,
            "q01%": 1178.6999241991589,
            "q90%": 1224.946917578987,
            "q10%": 1192.6363307964639
        },
        {
            "median": 0.0008968337403778014,
            "sigma": 9.723904817562993e-05,
            "1sigma": [
                0.000797839686997373,
                0.0009923177833486329
            ],
            "2sigma": [
                0.0007198223937368889,
                0.0010822926093127599
            ],
            "3sigma": [
                0.0006151276678769997,
                0.0011938004240153951
            ],
            "5sigma": [
                0.0005863188441461436,
                0.0012160370712149266
            ],
            "q75%": 0.0009607361180166755,
            "q25%": 0.0008306421943578729,
            "q99%": 0.001116511684229859,
            "q01%": 0.0006795984021560881,
            "q90%": 0.0010152038491846758,
            "q10%": 0.0007784793714388679
        },
        {
            "median": 115.00209152563635,
            "sigma": 0.9349530127324002,
            "1sigma": [
                114.05429692253905,
                115.92420294800385
            ],
            "2sigma": [
                113.18836147788814,
                116.80928669650064
            ],
            "3sigma": [
                112.10629760796785,
                117.8466528408982
            ],
            "5sigma": [
                111.93384843210278,
                118.01180496941784
            ],
            "q75%": 115.58666333603333,
            "q25%": 114.3341270878546,
            "q99%": 117.14750144788624,
            "q01%": 112.91831708518909,
            "q90%": 116.15496839973758,
            "q10%": 113.83244854554682
        }
    ]
}