{
    "modes": [],
    "nested sampling global log-evidence": -47.37953430411131,
    "nested sampling global log-evidence error": 0.15446330483007484,
    "global evidence": -47.37953430411131,
    "global evidence error": 0.15446330483007484,
    "marginals": [
        {
            "median": 19.264610026605183,
            "sigma": 21.90241600180613,
            "1sigma": [
                7.446059544839273,
                51.250891548451534
            ],
            "2sigma": [
                3.7174952398282786,
                96.00424752890193
            ],
            "3sigma": [
                2.2815950897991137,
                142.97006891954743
            ],
            "5sigma": [
                1.5353174313434679,
                195.5861390088064
            ],
            "q75%": 39.01667270971738,
            "q25%": 9.693161962912326,
            "q99%": 115.58153142401552,
            "q01%": 3.1123302711763645,
            "q90%": 62.69740855731915,
            "q10%": 5.958455745519882
        },
        {
            "median": 1226.0276563087377,
            "sigma": 12.712738601865567,
            "1sigma": [
                1213.1281716202348,
                1238.553648823966
            ],
            "2sigma": [
                1200.8212548564536,
                1250.967987552156
            ],
            "3sigma": [
                1186.809868917088,
                1260.4422829190214
            ],
            "5sigma": [
                1178.388936812438,
                1263.9008725125545
            ],
            "q75%": 1234.9040900602681,
            "q25%": 1217.2977997294042,
            "q99%": 1253.8762913836078,
            "q01%": 1197.2142445992774,
            "q90%": 1242.1819203003895,
            "q10%": 1209.9244278665142
        },
        {
            "median": -18.0231056989894,
            "sigma": 0.4355809461434639,
            "1sigma": [
                -18.483820734287224,
                -17.612658842000297
            ],
            "2sigma": [
                -18.891171329548886,
                -17.177610057203776
            ],
            "3sigma": [
                -19.425810914550343,
                -16.734086001799973
            ],
            "5sigma": [
                -19.725951331587762,
                -16.656424217704807
            ],
            "q75%": -17.750211351859882,
            "q25%": -18.327022223442956,
            "q99%": -16.99706972728707,
            "q01%": -19.049119835585387,
            "q90%": -17.490245004915977,
            "q10%": -18.59976575951557
        },
        {
            "median": 0.7493954460871628,
            "sigma": 0.08858977288525594,
            "1sigma": [
                0.6590610057296299,
                0.8362405515001418
            ],
            "2sigma": [
                0.5673812491681989,
                0.9336744522736345
            ],
            "3sigma": [
                0.44924716840955076,
                1.0542680566990306
            ],
            "5sigma": [
                0.41379484625164437,
                1.0851157381406227
            ],
            "q75%": 0.8083477476005763,
            "q25%": 0.6907666338876983,
            "q99%": 0.9689913252139605,
            "q01%": 0.5200741166567111,
            "q90%": 0.8709230725480002,
            "q10%": 0.6325621228243468
        },
        {
            "median": 200181.57105240106,
            "sigma": 11722.961873016378,
            "1sigma": [
                188147.13056254518,
                211593.05430857794
            ],
            "2sigma": [
                180035.8542448882,
                220167.64974008212
            ],
            "3sigma": [
                175333.57524650794,
                227555.25755092414
            ],
            "5sigma": [
                171063.65255138755,
                229279.49484951943
            ],
            "q75%": 208621.17758818084,
            "q25%": 191854.04399435062,
            "q99%": 222532.77572707113,
            "q01%": 177637.17741856194,
            "q90%": 214145.5443184694,
            "q10%": 185326.82627226078
        },
        {
            "median": 0.8647383291396197,
            "sigma": 0.00019204661961380598,
            "1sigma": [
                0.8645125635151948,
                0.8648966567544224
            ],
            "2sigma": [
                0.864270266680388,
                0.8649804935075232
            ],
            "3sigma": [
                0.8640038096111543,
                0.8649993200355176
            ],
            "5sigma": [
                0.8634619294650417,
                0.8649995274288932
            ],
            "q75%": 0.8648498653872991,
            "q25%": 0.8645903891671175,
            "q99%": 0.8649946165468798,
            "q01%": 0.8641684794528038,
            "q90%": 0.8649299049312381,
            "q10%": 0.8644431804873068
        },
        {
            "median": 0.8952631654460227,
            "sigma": 3.830137594429406e-05,
            "1sigma": [
                0.895225202342898,
                0.8953018050947866
            ],
            "2sigma": [
                0.8951902337805361,
                0.8953392162312398
            ],
            "3sigma": [
                0.8951439638114497,
                0.8953854943435523
            ],
            "5sigma": [
                0.8950689120634211,
                0.895467977531194
            ],
            "q75%": 0.895288721541893,
            "q25%": 0.8952385680013323,
            "q99%": 0.8953582425299172,
            "q01%": 0.8951696491276346,
            "q90%": 0.8953136068772664,
            "q10%": 0.895214332178535
        },
        {
            "median": 9.806039260540606,
            "sigma": 6.1850183702093595,
            "1sigma": [
                3.662005913904043,
                16.032042654322762
            ],
            "2sigma": [
                0.7574293730662807,
                20.101969043865104
            ],
            "3sigma": [
                0.11084033279525288,
                22.946256805191393
            ],
            "5sigma": [
                0.10013317579177919,
                26.5824165065182
            ],
            "q75%": 14.215397504266502,
            "q25%": 5.17201071128387,
            "q99%": 20.97784849759894,
            "q01%": 0.3134918662397499,
            "q90%": 17.332774174081184,
            "q10%": 2.596350856977274
        }
    ]
}