,dpdt,T,Kd,MI_radius,Profile
0,5.0060869644615304e-05,1209.7381557745057,0.0008873412659993852,91.51592591217354,K97_23_16_3
