{
    "modes": [],
    "nested sampling global log-evidence": -4.206474221330206,
    "nested sampling global log-evidence error": 0.09656831397946537,
    "global evidence": -4.206474221330206,
    "global evidence error": 0.09656831397946537,
    "marginals": [
        {
            "median": 5.0060869644615304e-05,
            "sigma": 8.07033116782953e-06,
            "1sigma": [
                4.279973266380551e-05,
                5.894039499946457e-05
            ],
            "2sigma": [
                3.652248005773878e-05,
                6.8624402363261e-05
            ],
            "3sigma": [
                3.03041953759379e-05,
                7.588180693537583e-05
            ],
            "5sigma": [
                2.5787914970974426e-05,
                9.667571998515973e-05
            ],
            "q75%": 5.604620116067204e-05,
            "q25%": 4.528792923141792e-05,
            "q99%": 7.345650116613124e-05,
            "q01%": 3.498874804535232e-05,
            "q90%": 6.231480127887891e-05,
            "q10%": 4.06816746359485e-05
        },
        {
            "median": 1209.7381557745057,
            "sigma": 12.36705179884882,
            "1sigma": [
                1197.9557243014963,
                1222.689827899194
            ],
            "2sigma": [
                1188.6726761566524,
                1232.4762714881272
            ],
            "3sigma": [
                1169.156161764767,
                1243.2438854441698
            ],
            "5sigma": [
                1165.5597683993174,
                1246.5623602799326
            ],
            "q75%": 1219.1165501286362,
            "q25%": 1201.367217455817,
            "q99%": 1236.3530386583507,
            "q01%": 1186.2425007542658,
            "q90%": 1225.4936154423128,
            "q10%": 1194.8358068745886
        },
        {
            "median": 0.0008873412659993852,
            "sigma": 9.500077624408217e-05,
            "1sigma": [
                0.0007979908768268316,
                0.000987992429314996
            ],
            "2sigma": [
                0.0007154665702831155,
                0.0010797990215443629
            ],
            "3sigma": [
                0.000580454769215946,
                0.001153215848106655
            ],
            "5sigma": [
                0.000471581816915065,
                0.001174256524539426
            ],
            "q75%": 0.0009586570856238621,
            "q25%": 0.0008266377146831822,
            "q99%": 0.0011105138867763475,
            "q01%": 0.0006819946849645844,
            "q90%": 0.001012987645939924,
            "q10%": 0.0007731584320042526
        },
        {
            "median": 91.51592591217354,
            "sigma": 0.9174805507713728,
            "1sigma": [
                90.60037673464561,
                92.43533783618835
            ],
            "2sigma": [
                89.64242908870587,
                93.32591933268071
            ],
            "3sigma": [
                88.51375878451768,
                94.07810132417298
            ],
            "5sigma": [
                88.32418167063697,
                94.3669264592629
            ],
            "q75%": 92.1256337101114,
            "q25%": 90.84588126678585,
            "q99%": 93.5788067698287,
            "q01%": 89.3011994508746,
            "q90%": 92.71646077088025,
            "q10%": 90.3375289004575
        }
    ]
}