,Median,1 sigma low,1 sigma high,2 sigma low,2 sigma high,1sigma error low,1sigma error high,Profile
0,0.0017466977283408219,0.0014131851645620822,0.002260550977670023,0.0011199282675236548,0.0029431424781964713,0.0003335125637787396,0.0005138532493292013,SW_7_2_1
