,dpdt,T,Kd,MI_radius,Profile
0,0.0017466977283408219,1209.4339157272193,0.0009038280995781116,88.81782539825544,SW_7_2_1
