{
    "modes": [],
    "nested sampling global log-evidence": -3.524801207249692,
    "nested sampling global log-evidence error": 0.08741713880096913,
    "global evidence": -3.524801207249692,
    "global evidence error": 0.08741713880096913,
    "marginals": [
        {
            "median": 0.0017466977283408219,
            "sigma": 0.00042368290655397044,
            "1sigma": [
                0.0014131851645620822,
                0.002260550977670023
            ],
            "2sigma": [
                0.0011199282675236548,
                0.0029431424781964713
            ],
            "3sigma": [
                0.0009254554805622193,
                0.004107675653718845
            ],
            "5sigma": [
                0.0006886812535859673,
                0.01231127554265475
            ],
            "q75%": 0.002049603874749034,
            "q25%": 0.0015102082800279003,
            "q99%": 0.003238537411600039,
            "q01%": 0.001010219857618036,
            "q90%": 0.0024703046348409138,
            "q10%": 0.001328941276149043
        },
        {
            "median": 1209.4339157272193,
            "sigma": 11.64145277891771,
            "1sigma": [
                1198.5585469532477,
                1221.8414525110832
            ],
            "2sigma": [
                1186.7411482772782,
                1232.1945722268201
            ],
            "3sigma": [
                1173.4276222447183,
                1243.225404146471
            ],
            "5sigma": [
                1170.4341386670515,
                1244.4148911601942
            ],
            "q75%": 1218.346880407719,
            "q25%": 1201.9608041450247,
            "q99%": 1236.827523800046,
            "q01%": 1182.5810857800425,
            "q90%": 1225.4388820135464,
            "q10%": 1195.2993284774898
        },
        {
            "median": 0.0009038280995781116,
            "sigma": 9.43791990725678e-05,
            "1sigma": [
                0.0008071436364755101,
                0.0009959020346206457
            ],
            "2sigma": [
                0.0007154635470806326,
                0.001082859483354807
            ],
            "3sigma": [
                0.0006009526271132595,
                0.0011548864461195082
            ],
            "5sigma": [
                0.000551920897159331,
                0.001160491989263793
            ],
            "q75%": 0.0009725775362288345,
            "q25%": 0.0008380502664306037,
            "q99%": 0.0011102679071596981,
            "q01%": 0.0006641548965926483,
            "q90%": 0.0010244929031260695,
            "q10%": 0.0007851784433629862
        },
        {
            "median": 88.81782539825544,
            "sigma": 0.9300716247200711,
            "1sigma": [
                87.89362045031672,
                89.75376369975686
            ],
            "2sigma": [
                87.05355950993638,
                90.69966375631232
            ],
            "3sigma": [
                85.8908792398792,
                91.94696614726291
            ],
            "5sigma": [
                85.2988425310211,
                92.08469974150303
            ],
            "q75%": 89.47856766071493,
            "q25%": 88.19861043796904,
            "q99%": 91.22499952013499,
            "q01%": 86.77850877353016,
            "q90%": 89.99748321325943,
            "q10%": 87.61164000550727
        }
    ]
}