,Median,1 sigma low,1 sigma high,2 sigma low,2 sigma high,1sigma error low,1sigma error high,Profile
0,0.00010647869368365192,9.057745528194062e-05,0.00012890221245270592,7.686483106346913e-05,0.00015107978504287596,1.5901238401711305e-05,2.2423518769054e-05,K97_23_10_1
