,dpdt,T,Kd,MI_radius,Profile
0,0.00010647869368365192,1210.8249325451204,0.0008925699746938233,61.00021018322157,K97_23_10_1
