{
    "modes": [],
    "nested sampling global log-evidence": -4.234236842257633,
    "nested sampling global log-evidence error": 0.0964381390010479,
    "global evidence": -4.234236842257633,
    "global evidence error": 0.0964381390010479,
    "marginals": [
        {
            "median": 0.00010647869368365192,
            "sigma": 1.916237858538265e-05,
            "1sigma": [
                9.057745528194062e-05,
                0.00012890221245270592
            ],
            "2sigma": [
                7.686483106346913e-05,
                0.00015107978504287596
            ],
            "3sigma": [
                6.635383622181488e-05,
                0.0001802649992549669
            ],
            "5sigma": [
                4.2604827394649573e-05,
                0.0002480039135961079
            ],
            "q75%": 0.00012022911715033402,
            "q25%": 9.507201943592145e-05,
            "q99%": 0.00015765551747806632,
            "q01%": 7.216446719324833e-05,
            "q90%": 0.00013435106451516944,
            "q10%": 8.640424133071071e-05
        },
        {
            "median": 1210.8249325451204,
            "sigma": 11.29460777368115,
            "1sigma": [
                1199.6393833146155,
                1222.2285988619778
            ],
            "2sigma": [
                1188.4732744390358,
                1233.9078175885577
            ],
            "3sigma": [
                1174.894773847781,
                1243.2590448976803
            ],
            "5sigma": [
                1171.1648196574206,
                1247.195681378655
            ],
            "q75%": 1218.7136537563915,
            "q25%": 1203.2406934416208,
            "q99%": 1237.3643443888216,
            "q01%": 1184.2352268207,
            "q90%": 1225.8939466444767,
            "q10%": 1196.5386147286858
        },
        {
            "median": 0.0008925699746938233,
            "sigma": 8.762528238584938e-05,
            "1sigma": [
                0.0008067287558784648,
                0.0009819793206501636
            ],
            "2sigma": [
                0.0007211783381711428,
                0.001056153542285518
            ],
            "3sigma": [
                0.0006058219509164993,
                0.0011775209826297615
            ],
            "5sigma": [
                0.0005470637729925772,
                0.0012266601622193478
            ],
            "q75%": 0.0009547039227196073,
            "q25%": 0.0008319170221480435,
            "q99%": 0.001095929939118512,
            "q01%": 0.0006651444877607482,
            "q90%": 0.0010044891108827432,
            "q10%": 0.0007806898702837604
        },
        {
            "median": 61.00021018322157,
            "sigma": 0.9584472627421654,
            "1sigma": [
                60.041126738772824,
                61.958021264257155
            ],
            "2sigma": [
                59.25579978737133,
                62.760570983914086
            ],
            "3sigma": [
                58.095551282339805,
                63.39614518052851
            ],
            "5sigma": [
                57.96294637511034,
                63.501527358852385
            ],
            "q75%": 61.63185774417606,
            "q25%": 60.37957355298167,
            "q99%": 63.093674753376526,
            "q01%": 58.782043356535404,
            "q90%": 62.2217636299253,
            "q10%": 59.79770411479712
        }
    ]
}