,dpdt,T,Kd,MI_radius,Profile
0,0.00011490486993378588,1211.66847696037,0.0009012920228889743,75.10180618375439,SW_7_4_1
