{
    "modes": [],
    "nested sampling global log-evidence": -4.213403466142287,
    "nested sampling global log-evidence error": 0.09675563830217805,
    "global evidence": -4.213403466142287,
    "global evidence error": 0.09675563830217805,
    "marginals": [
        {
            "median": 0.00011490486993378588,
            "sigma": 1.8089547229015888e-05,
            "1sigma": [
                9.792001713056598e-05,
                0.00013409911158859776
            ],
            "2sigma": [
                8.135900462567139e-05,
                0.0001563099633517776
            ],
            "3sigma": [
                7.26064927200645e-05,
                0.00017795586022238767
            ],
            "5sigma": [
                4.738121421505808e-05,
                0.0002589176531926905
            ],
            "q75%": 0.00012710408290409525,
            "q25%": 0.00010306128497205298,
            "q99%": 0.00016259879522364335,
            "q01%": 7.794474480653255e-05,
            "q90%": 0.00013992381729497006,
            "q10%": 9.298074711386973e-05
        },
        {
            "median": 1211.66847696037,
            "sigma": 12.02980846549724,
            "1sigma": [
                1199.380547334681,
                1223.4401642656755
            ],
            "2sigma": [
                1188.3270987479104,
                1234.3980139416071
            ],
            "3sigma": [
                1179.1922215081017,
                1245.797560622615
            ],
            "5sigma": [
                1170.26576162126,
                1251.125738514355
            ],
            "q75%": 1219.717260945089,
            "q25%": 1203.6693014998684,
            "q99%": 1238.752783027317,
            "q01%": 1184.943524506007,
            "q90%": 1226.4723282516998,
            "q10%": 1196.247854537028
        },
        {
            "median": 0.0009012920228889743,
            "sigma": 9.144868724900309e-05,
            "1sigma": [
                0.00080901469560137,
                0.0009919120700993761
            ],
            "2sigma": [
                0.0007282470948564487,
                0.00107041218875798
            ],
            "3sigma": [
                0.0006728560893451273,
                0.001166589600298611
            ],
            "5sigma": [
                0.0006591660462637737,
                0.0012117536873679678
            ],
            "q75%": 0.0009624872585621437,
            "q25%": 0.0008406045690014994,
            "q99%": 0.0011025177935505151,
            "q01%": 0.0007006449870512415,
            "q90%": 0.001018268902341674,
            "q10%": 0.0007837478865409863
        },
        {
            "median": 75.10180618375439,
            "sigma": 0.9158202539402538,
            "1sigma": [
                74.14809476275416,
                75.97973527063466
            ],
            "2sigma": [
                73.27572686583382,
                76.88247268545939
            ],
            "3sigma": [
                72.44945037771748,
                78.04589697769131
            ],
            "5sigma": [
                72.09531026547488,
                78.16200079598799
            ],
            "q75%": 75.68417233722349,
            "q25%": 74.45513208266898,
            "q99%": 77.23065172981924,
            "q01%": 72.84914699004426,
            "q90%": 76.2432925078353,
            "q10%": 73.88073496755266
        }
    ]
}