,Median,1 sigma low,1 sigma high,2 sigma low,2 sigma high,1sigma error low,1sigma error high,Profile
0,0.0003441793875824107,0.0002569127703628776,0.00048182215540148733,0.00020351326256210222,0.0007303747820980163,8.72666172195331e-05,0.00013764276781907665,SW_7_4_1
