,dpdt,T,Kd,MI_radius,Profile
0,0.0003441793875824107,1213.2549974014682,0.0008933037501986009,74.99977175672431,SW_7_4_1
