{
    "modes": [],
    "nested sampling global log-evidence": -3.087424249158409,
    "nested sampling global log-evidence error": 0.08037692577151688,
    "global evidence": -3.087424249158409,
    "global evidence error": 0.08037692577151688,
    "marginals": [
        {
            "median": 0.0003441793875824107,
            "sigma": 0.00011245469251930487,
            "1sigma": [
                0.0002569127703628776,
                0.00048182215540148733
            ],
            "2sigma": [
                0.00020351326256210222,
                0.0007303747820980163
            ],
            "3sigma": [
                0.00015218534351847112,
                0.001619664011818372
            ],
            "5sigma": [
                0.00011178888093773471,
                9.92360710389401
            ],
            "q75%": 0.0004241851728470413,
            "q25%": 0.00028044018225859913,
            "q99%": 0.0008801887687817363,
            "q01%": 0.00019260097524412788,
            "q90%": 0.0005357696122425268,
            "q10%": 0.00023839988742743018
        },
        {
            "median": 1213.2549974014682,
            "sigma": 12.19201076683396,
            "1sigma": [
                1200.2488379038282,
                1224.632859437496
            ],
            "2sigma": [
                1187.7751760047388,
                1234.1166286529046
            ],
            "3sigma": [
                1172.8413165631432,
                1242.9850830426178
            ],
            "5sigma": [
                1168.8766618903667,
                1251.3001622527713
            ],
            "q75%": 1221.0922194349712,
            "q25%": 1204.3044182728147,
            "q99%": 1237.046904280582,
            "q01%": 1184.1708691018769,
            "q90%": 1227.4496388465461,
            "q10%": 1196.5372996944538
        },
        {
            "median": 0.0008933037501986009,
            "sigma": 0.00010033116369964829,
            "1sigma": [
                0.0007892531397041699,
                0.0009899154671034664
            ],
            "2sigma": [
                0.0007071234269487705,
                0.0010669342671084732
            ],
            "3sigma": [
                0.0006373495424805739,
                0.001175610903751721
            ],
            "5sigma": [
                0.0006149261424999357,
                0.0012353366629366085
            ],
            "q75%": 0.0009615094661824505,
            "q25%": 0.0008237010261588235,
            "q99%": 0.001102357234287435,
            "q01%": 0.0006757746225053087,
            "q90%": 0.0010166280042801126,
            "q10%": 0.0007649901404176254
        },
        {
            "median": 74.99977175672431,
            "sigma": 0.9740452912378572,
            "1sigma": [
                74.02475350486783,
                75.97284408734355
            ],
            "2sigma": [
                72.99391824439543,
                76.77192874419825
            ],
            "3sigma": [
                71.84315089317198,
                77.61140653677505
            ],
            "5sigma": [
                71.76351862295988,
                77.87376957324456
            ],
            "q75%": 75.662948982577,
            "q25%": 74.30111525738188,
            "q99%": 77.06135547380228,
            "q01%": 72.67977552445073,
            "q90%": 76.16754808903485,
            "q10%": 73.79864543456556
        }
    ]
}