,dpdt,T,Kd,MI_radius,Profile
0,0.000263473874667524,1208.111155694272,0.0009107487708231528,115.88251535868594,K97_23_1_1_1
