{
    "modes": [],
    "nested sampling global log-evidence": -4.049444347186455,
    "nested sampling global log-evidence error": 0.09487416268254356,
    "global evidence": -4.049444347186455,
    "global evidence error": 0.09487416268254356,
    "marginals": [
        {
            "median": 0.000263473874667524,
            "sigma": 5.7515338901721066e-05,
            "1sigma": [
                0.00020958411196448593,
                0.00032461478976792806
            ],
            "2sigma": [
                0.00017377129723083524,
                0.00039094959472506263
            ],
            "3sigma": [
                0.00014441204552331037,
                0.0005777624482553446
            ],
            "5sigma": [
                0.00012564601851265436,
                0.0007694010422744925
            ],
            "q75%": 0.0003063263980472996,
            "q25%": 0.0002261228677749312,
            "q99%": 0.0004303162263759381,
            "q01%": 0.000158702337093836,
            "q90%": 0.00034088117803736655,
            "q10%": 0.0001962740222231196
        },
        {
            "median": 1208.111155694272,
            "sigma": 12.122759870765094,
            "1sigma": [
                1196.338290191056,
                1220.5838099325863
            ],
            "2sigma": [
                1185.8011767979228,
                1231.2491224687187
            ],
            "3sigma": [
                1174.3242616772588,
                1244.2675431890789
            ],
            "5sigma": [
                1170.2602983416218,
                1255.9359569846852
            ],
            "q75%": 1215.7216421385488,
            "q25%": 1200.8043317845934,
            "q99%": 1234.7142459597967,
            "q01%": 1180.6704519960906,
            "q90%": 1223.004841686621,
            "q10%": 1193.8427574785565
        },
        {
            "median": 0.0009107487708231528,
            "sigma": 9.708553766505507e-05,
            "1sigma": [
                0.0008098122093080464,
                0.0010039832846381565
            ],
            "2sigma": [
                0.0007308603859445794,
                0.0010816353909068777
            ],
            "3sigma": [
                0.0006660695096676857,
                0.0012068923715102653
            ],
            "5sigma": [
                0.0006228619664785652,
                0.0012198231679679198
            ],
            "q75%": 0.000971359313473175,
            "q25%": 0.0008393399351957641,
            "q99%": 0.0011161414146797716,
            "q01%": 0.0007124375371488603,
            "q90%": 0.0010277517682116077,
            "q10%": 0.0007873625940823152
        },
        {
            "median": 115.88251535868594,
            "sigma": 9.070266097338838,
            "1sigma": [
                106.58549115079585,
                124.72602334547352
            ],
            "2sigma": [
                99.07733858572144,
                133.86953919986112
            ],
            "3sigma": [
                89.31723616945845,
                144.3779559339488
            ],
            "5sigma": [
                88.87194071631181,
                148.0091337330758
            ],
            "q75%": 121.76517485851925,
            "q25%": 109.70525110542853,
            "q99%": 136.7523096918454,
            "q01%": 96.91703742139231,
            "q90%": 127.17670209372008,
            "q10%": 103.90234412170578
        }
    ]
}