,Median,1 sigma low,1 sigma high,2 sigma low,2 sigma high,1sigma error low,1sigma error high,Profile
0,0.0009609889551615846,0.000764625301519274,0.0011836652802461676,0.0006377650151364043,0.001453873209217732,0.0001963636536423106,0.00022267632508458305,K97_23_5_1
