,dpdt,T,Kd,MI_radius,Profile
0,0.0009609889551615846,1209.4410595773352,0.0008847404282078286,99.16262335374411,K97_23_5_1
