{
    "modes": [],
    "nested sampling global log-evidence": -3.5289814580644725,
    "nested sampling global log-evidence error": 0.08714026232407873,
    "global evidence": -3.5289814580644725,
    "global evidence error": 0.08714026232407873,
    "marginals": [
        {
            "median": 0.0009609889551615846,
            "sigma": 0.00020951998936344682,
            "1sigma": [
                0.000764625301519274,
                0.0011836652802461676
            ],
            "2sigma": [
                0.0006377650151364043,
                0.001453873209217732
            ],
            "3sigma": [
                0.0005095181635040689,
                0.0018084259881639135
            ],
            "5sigma": [
                0.0003760488586782805,
                0.0032997689764860186
            ],
            "q75%": 0.0011050796057228685,
            "q25%": 0.0008323353637927485,
            "q99%": 0.0015805464994891093,
            "q01%": 0.0005750511488919372,
            "q90%": 0.0012614320643655984,
            "q10%": 0.000719579846802715
        },
        {
            "median": 1209.4410595773352,
            "sigma": 11.86266018941842,
            "1sigma": [
                1198.85991211117,
                1222.5852324900068
            ],
            "2sigma": [
                1189.0187698146747,
                1235.7597850747145
            ],
            "3sigma": [
                1174.7695400379307,
                1244.9479853000387
            ],
            "5sigma": [
                1171.3611341165833,
                1258.7169412526143
            ],
            "q75%": 1218.071628363691,
            "q25%": 1201.3913761585225,
            "q99%": 1238.2079700610948,
            "q01%": 1185.2779327091548,
            "q90%": 1225.717380835353,
            "q10%": 1196.0909567701933
        },
        {
            "median": 0.0008847404282078286,
            "sigma": 9.642132905227487e-05,
            "1sigma": [
                0.0007947479199444506,
                0.0009875905780490004
            ],
            "2sigma": [
                0.0007034765858813664,
                0.001090946367784857
            ],
            "3sigma": [
                0.0006043133058452562,
                0.0011744588857756592
            ],
            "5sigma": [
                0.0005403036123847102,
                0.0011863110879369546
            ],
            "q75%": 0.0009578598368697107,
            "q25%": 0.0008235159017032584,
            "q99%": 0.0011284239215086584,
            "q01%": 0.0006667114034203439,
            "q90%": 0.0010180560071879144,
            "q10%": 0.0007705418440908863
        },
        {
            "median": 99.16262335374411,
            "sigma": 1.027879014987228,
            "1sigma": [
                98.04147405041913,
                100.09723208039358
            ],
            "2sigma": [
                97.0602182392496,
                101.03541551533301
            ],
            "3sigma": [
                95.8008497420084,
                102.23131242033867
            ],
            "5sigma": [
                95.60398789127711,
                103.00878922341494
            ],
            "q75%": 99.82782298119372,
            "q25%": 98.35376130152042,
            "q99%": 101.29121151771572,
            "q01%": 96.70744494790809,
            "q90%": 100.45807093734295,
            "q10%": 97.75299412466981
        }
    ]
}