,dpdt,T,Kd,MI_radius,Profile
0,0.001366777849455843,1209.7051876419036,0.0008970524821172672,60.04045284744736,SW_7_3_2
