{
    "modes": [],
    "nested sampling global log-evidence": -4.0648955741587285,
    "nested sampling global log-evidence error": 0.09460763928548716,
    "global evidence": -4.0648955741587285,
    "global evidence error": 0.09460763928548716,
    "marginals": [
        {
            "median": 0.001366777849455843,
            "sigma": 0.0002275254947373429,
            "1sigma": [
                0.001155893369355036,
                0.0016109443588297218
            ],
            "2sigma": [
                0.0009973049233733267,
                0.0019189145828739235
            ],
            "3sigma": [
                0.0007757982121993119,
                0.002180007405768281
            ],
            "5sigma": [
                0.0006937577401874465,
                0.00275835004818043
            ],
            "q75%": 0.001535062452289837,
            "q25%": 0.0012127466433844653,
            "q99%": 0.002039611815063695,
            "q01%": 0.0009368745203324062,
            "q90%": 0.0016925583892277957,
            "q10%": 0.0011015547226457078
        },
        {
            "median": 1209.7051876419036,
            "sigma": 12.188712973090901,
            "1sigma": [
                1198.080278251482,
                1222.4577041976638
            ],
            "2sigma": [
                1189.5039531187635,
                1234.1752862105227
            ],
            "3sigma": [
                1181.115873028794,
                1242.5203596499266
            ],
            "5sigma": [
                1178.0967252704036,
                1247.0774983263068
            ],
            "q75%": 1218.4588962880077,
            "q25%": 1201.7252527876879,
            "q99%": 1238.0075826962184,
            "q01%": 1185.495487740865,
            "q90%": 1225.534682687777,
            "q10%": 1195.1726163597425
        },
        {
            "median": 0.0008970524821172672,
            "sigma": 0.00010284374873915475,
            "1sigma": [
                0.0007943092270871452,
                0.0009999967245654547
            ],
            "2sigma": [
                0.0007080436416836743,
                0.001091878166609253
            ],
            "3sigma": [
                0.000575170698712315,
                0.0011998905969247294
            ],
            "5sigma": [
                0.000574732175208205,
                0.0012105121114924704
            ],
            "q75%": 0.0009676623408951446,
            "q25%": 0.0008271685628731357,
            "q99%": 0.0011291266214885033,
            "q01%": 0.0006919326147745018,
            "q90%": 0.0010265466525440363,
            "q10%": 0.000769766791804966
        },
        {
            "median": 60.04045284744736,
            "sigma": 0.9354949100343397,
            "1sigma": [
                59.10936723067974,
                60.98035705074842
            ],
            "2sigma": [
                58.29159814949642,
                61.99651379909134
            ],
            "3sigma": [
                56.82364013950371,
                62.8316244114111
            ],
            "5sigma": [
                56.32863676123674,
                63.31284257454747
            ],
            "q75%": 60.68109738572435,
            "q25%": 59.33180501926099,
            "q99%": 62.40455594250333,
            "q01%": 57.924151653424644,
            "q90%": 61.237720384013365,
            "q10%": 58.840339702722126
        }
    ]
}