,dpdt,T,Kd,MI_radius,Profile
0,0.0011405731027580054,1211.220293861301,0.0008977723511620074,91.55592436801956,K97_23_16_3
