,Median,1 sigma low,1 sigma high,2 sigma low,2 sigma high,1sigma error low,1sigma error high,Profile
0,0.0011405731027580054,0.0009262635574015634,0.0013938930996743668,0.0007584722919044429,0.0017017646039511713,0.00021430954535644206,0.0002533199969163614,K97_23_16_3
