{
    "modes": [],
    "nested sampling global log-evidence": -3.594236999307385,
    "nested sampling global log-evidence error": 0.08813415460007104,
    "global evidence": -3.594236999307385,
    "global evidence error": 0.08813415460007104,
    "marginals": [
        {
            "median": 0.0011405731027580054,
            "sigma": 0.00023381477113640174,
            "1sigma": [
                0.0009262635574015634,
                0.0013938930996743668
            ],
            "2sigma": [
                0.0007584722919044429,
                0.0017017646039511713
            ],
            "3sigma": [
                0.0005969735722541962,
                0.0023023066838243258
            ],
            "5sigma": [
                0.0003907468835896681,
                0.004143678993732348
            ],
            "q75%": 0.0012903101423041622,
            "q25%": 0.001002562582531299,
            "q99%": 0.0019034741322715711,
            "q01%": 0.0006896143965089101,
            "q90%": 0.0014925486009329028,
            "q10%": 0.0008745779058527243
        },
        {
            "median": 1211.220293861301,
            "sigma": 11.995533121976337,
            "1sigma": [
                1197.8843070045764,
                1221.875373248529
            ],
            "2sigma": [
                1185.4578902082824,
                1232.358075829712
            ],
            "3sigma": [
                1168.3342104132948,
                1239.7523036645364
            ],
            "5sigma": [
                1162.3346126647111,
                1242.0694082209645
            ],
            "q75%": 1218.7424812798313,
            "q25%": 1201.9658173312569,
            "q99%": 1235.659268526001,
            "q01%": 1181.946498703006,
            "q90%": 1225.4288729279006,
            "q10%": 1194.5504122588798
        },
        {
            "median": 0.0008977723511620074,
            "sigma": 8.972941947575457e-05,
            "1sigma": [
                0.0008113895027315942,
                0.0009908483416831034
            ],
            "2sigma": [
                0.00072782468217116,
                0.0010698141202845279
            ],
            "3sigma": [
                0.0006490718728451289,
                0.00116549902752487
            ],
            "5sigma": [
                0.0006091327919991851,
                0.0013003807387609579
            ],
            "q75%": 0.0009593045682680768,
            "q25%": 0.0008381521058924731,
            "q99%": 0.0010966757786189762,
            "q01%": 0.0006905109765518145,
            "q90%": 0.001012728185263955,
            "q10%": 0.0007871720867871706
        },
        {
            "median": 91.55592436801956,
            "sigma": 0.9742176805705896,
            "1sigma": [
                90.611157362412,
                92.55959272355318
            ],
            "2sigma": [
                89.58688331234984,
                93.68634998154197
            ],
            "3sigma": [
                88.75172437073188,
                94.54790552425409
            ],
            "5sigma": [
                88.33562441022431,
                94.83372416423968
            ],
            "q75%": 92.22261897835794,
            "q25%": 90.88870822839046,
            "q99%": 94.02590753466141,
            "q01%": 89.24967702961558,
            "q90%": 92.84540890070073,
            "q10%": 90.28628175635546
        }
    ]
}