,dpdt,T,Kd,MI_radius,Profile
0,4.36570459867011e-05,1210.421500944064,0.0008993063976312102,98.95619520339598,K97_23_5_1
