{
    "modes": [],
    "nested sampling global log-evidence": -4.4070626803580435,
    "nested sampling global log-evidence error": 0.09922754069913638,
    "global evidence": -4.4070626803580435,
    "global evidence error": 0.09922754069913638,
    "marginals": [
        {
            "median": 4.36570459867011e-05,
            "sigma": 7.2216467446554576e-06,
            "1sigma": [
                3.7444581236348246e-05,
                5.188787472565916e-05
            ],
            "2sigma": [
                3.226810149549078e-05,
                5.990073842206984e-05
            ],
            "3sigma": [
                2.8534867294867022e-05,
                7.128882128649309e-05
            ],
            "5sigma": [
                2.2262796327407303e-05,
                8.864012840383423e-05
            ],
            "q75%": 4.865244687816068e-05,
            "q25%": 3.960971815917892e-05,
            "q99%": 6.400607115625906e-05,
            "q01%": 3.106540536993805e-05,
            "q90%": 5.424560901901229e-05,
            "q10%": 3.588893579598559e-05
        },
        {
            "median": 1210.421500944064,
            "sigma": 10.97153625712383,
            "1sigma": [
                1199.0949122359507,
                1221.0379847501983
            ],
            "2sigma": [
                1187.6691155197539,
                1232.2972247698012
            ],
            "3sigma": [
                1173.8014456344135,
                1245.846674653214
            ],
            "5sigma": [
                1170.3461725977497,
                1257.1722295081036
            ],
            "q75%": 1217.3034992163896,
            "q25%": 1202.4992803402706,
            "q99%": 1238.203239389872,
            "q01%": 1180.710884877258,
            "q90%": 1224.1072364162078,
            "q10%": 1196.3959818169792
        },
        {
            "median": 0.0008993063976312102,
            "sigma": 9.614691011076266e-05,
            "1sigma": [
                0.0008123580997895443,
                0.0010046519200110696
            ],
            "2sigma": [
                0.0007357679781707602,
                0.001083712413453448
            ],
            "3sigma": [
                0.0006588999292567638,
                0.0011511723932180332
            ],
            "5sigma": [
                0.0006305052316684132,
                0.001194487049682277
            ],
            "q75%": 0.0009731198103793199,
            "q25%": 0.0008434591530348288,
            "q99%": 0.0011141989935010749,
            "q01%": 0.0007094428247559788,
            "q90%": 0.0010258925528385148,
            "q10%": 0.0007949554150442512
        },
        {
            "median": 98.95619520339598,
            "sigma": 0.9489777959790402,
            "1sigma": [
                97.94319331169864,
                99.84114890365672
            ],
            "2sigma": [
                97.01758351485249,
                100.90898299107994
            ],
            "3sigma": [
                95.9452883911741,
                101.8163591054143
            ],
            "5sigma": [
                95.90282075288535,
                102.6382958226793
            ],
            "q75%": 99.60938168522416,
            "q25%": 98.2141419200593,
            "q99%": 101.22084551186929,
            "q01%": 96.5642035381112,
            "q90%": 100.16859360399218,
            "q10%": 97.68177220185777
        }
    ]
}