,dpdt,T,Kd,MI_radius,Profile
0,0.0007688191309309513,1209.048708918433,0.0009100039530856256,71.84294076575371,SW_7_8_1
