{
    "modes": [],
    "nested sampling global log-evidence": -4.110714934420538,
    "nested sampling global log-evidence error": 0.09522451650971898,
    "global evidence": -4.110714934420538,
    "global evidence error": 0.09522451650971898,
    "marginals": [
        {
            "median": 0.0007688191309309513,
            "sigma": 0.00024171674945111982,
            "1sigma": [
                0.0005676039956902908,
                0.0010510374945925305
            ],
            "2sigma": [
                0.000433441618289412,
                0.0013653449734450356
            ],
            "3sigma": [
                0.000298580009038833,
                0.0019207667257485296
            ],
            "5sigma": [
                0.00025619119493447347,
                0.0024960362741192786
            ],
            "q75%": 0.0009507312957020393,
            "q25%": 0.0006227931442024882,
            "q99%": 0.0014797750625277406,
            "q01%": 0.0003875307131753744,
            "q90%": 0.0011345200856884455,
            "q10%": 0.0005221542556214793
        },
        {
            "median": 1209.048708918433,
            "sigma": 12.365481822509082,
            "1sigma": [
                1196.3642854688983,
                1221.0952491139165
            ],
            "2sigma": [
                1185.9138875102976,
                1232.6103694259018
            ],
            "3sigma": [
                1165.8923101537403,
                1247.4656376846347
            ],
            "5sigma": [
                1163.2790159137096,
                1250.756626350105
            ],
            "q75%": 1217.7932573514602,
            "q25%": 1200.5564347840748,
            "q99%": 1237.4285278211933,
            "q01%": 1181.3072681891895,
            "q90%": 1223.971629145117,
            "q10%": 1193.7285885763363
        },
        {
            "median": 0.0009100039530856256,
            "sigma": 9.255059982487754e-05,
            "1sigma": [
                0.0008136833809624672,
                0.0009987845806122223
            ],
            "2sigma": [
                0.0007268192391361235,
                0.0010774107213419471
            ],
            "3sigma": [
                0.000626176124628294,
                0.0011845075456347587
            ],
            "5sigma": [
                0.0006258092201581715,
                0.0012252238896829854
            ],
            "q75%": 0.0009710413709375206,
            "q25%": 0.0008446938559350549,
            "q99%": 0.0010974894175781794,
            "q01%": 0.0006893495074042474,
            "q90%": 0.001023575208864936,
            "q10%": 0.0007841347048136158
        },
        {
            "median": 71.84294076575371,
            "sigma": 8.915921887528956,
            "1sigma": [
                63.00070151336201,
                80.83254528841992
            ],
            "2sigma": [
                54.982769198856204,
                88.5972631052307
            ],
            "3sigma": [
                47.51136970964973,
                97.57223856438738
            ],
            "5sigma": [
                42.56759470280531,
                102.41283660788116
            ],
            "q75%": 78.03051045012856,
            "q25%": 65.77135385889116,
            "q99%": 90.65308411844516,
            "q01%": 52.461180473355135,
            "q90%": 83.26120919928293,
            "q10%": 60.886322094239034
        }
    ]
}