,dpdt,T,Kd,MI_radius,Profile
0,0.00045609747715707864,1210.772428849813,0.000910483849107873,101.59242287900808,K97_23_16_2
