{
    "modes": [],
    "nested sampling global log-evidence": -3.886976549342433,
    "nested sampling global log-evidence error": 0.09228199815326203,
    "global evidence": -3.886976549342433,
    "global evidence error": 0.09228199815326203,
    "marginals": [
        {
            "median": 0.00045609747715707864,
            "sigma": 0.00012161967648004212,
            "1sigma": [
                0.0003437366899386458,
                0.00058697604289873
            ],
            "2sigma": [
                0.0002704863287290247,
                0.0007876100697466345
            ],
            "3sigma": [
                0.00021155896588347743,
                0.0010461157028006816
            ],
            "5sigma": [
                0.00013322600426670796,
                0.001556871739590565
            ],
            "q75%": 0.0005318533193626476,
            "q25%": 0.00038195878807949945,
            "q99%": 0.0008620819314992317,
            "q01%": 0.00024412096866095878,
            "q90%": 0.0006369306771636247,
            "q10%": 0.0003223501609085837
        },
        {
            "median": 1210.772428849813,
            "sigma": 13.551936178408596,
            "1sigma": [
                1196.7721204877662,
                1223.8759928445834
            ],
            "2sigma": [
                1185.687073179644,
                1233.6136272453202
            ],
            "3sigma": [
                1165.7187904247626,
                1245.1418763249164
            ],
            "5sigma": [
                1165.615145223179,
                1248.8220023062458
            ],
            "q75%": 1220.0736742241436,
            "q25%": 1201.2040159016178,
            "q99%": 1236.5014997626085,
            "q01%": 1178.2074151775337,
            "q90%": 1227.2124869203758,
            "q10%": 1193.340901287668
        },
        {
            "median": 0.000910483849107873,
            "sigma": 9.280389904376448e-05,
            "1sigma": [
                0.0008170063998076914,
                0.0010026141978952204
            ],
            "2sigma": [
                0.0007268944682846666,
                0.001083331621815498
            ],
            "3sigma": [
                0.0006512742061159437,
                0.0011837574957327352
            ],
            "5sigma": [
                0.0005736084849757587,
                0.0012000880588679816
            ],
            "q75%": 0.0009718105139956427,
            "q25%": 0.0008420495355775346,
            "q99%": 0.0011298367087392357,
            "q01%": 0.0006877926070959916,
            "q90%": 0.0010287910401938077,
            "q10%": 0.0007934082132682135
        },
        {
            "median": 101.59242287900808,
            "sigma": 9.292895953295385,
            "1sigma": [
                91.8671136167253,
                110.45290552331608
            ],
            "2sigma": [
                83.50391669010986,
                118.95930483580885
            ],
            "3sigma": [
                75.08123220755607,
                130.66345385993725
            ],
            "5sigma": [
                73.39457993428279,
                131.54672191855494
            ],
            "q75%": 107.72008689150861,
            "q25%": 94.81179296090124,
            "q99%": 121.67756275378495,
            "q01%": 81.00242982943281,
            "q90%": 112.81143520049609,
            "q10%": 88.99600599185747
        }
    ]
}