,dpdt,T,Kd,MI_radius,Profile
0,0.0004621921248017279,1211.9334942059088,0.0009098511263331931,61.31918606241485,K97_23_4_1
