{
    "modes": [],
    "nested sampling global log-evidence": -4.255492043078306,
    "nested sampling global log-evidence error": 0.09730433592533567,
    "global evidence": -4.255492043078306,
    "global evidence error": 0.09730433592533567,
    "marginals": [
        {
            "median": 0.0004621921248017279,
            "sigma": 0.00016020542964813325,
            "1sigma": [
                0.00033764304675883914,
                0.0006580539060551056
            ],
            "2sigma": [
                0.0002658652852100944,
                0.0008503880000008835
            ],
            "3sigma": [
                0.00020817035377594895,
                0.0012516002276526136
            ],
            "5sigma": [
                0.00018985509108184715,
                0.002254703126405522
            ],
            "q75%": 0.0005789890077106615,
            "q25%": 0.00036829380003963063,
            "q99%": 0.0009530797674002397,
            "q01%": 0.0002494136388649591,
            "q90%": 0.0007167371673175414,
            "q10%": 0.00031167797659844367
        },
        {
            "median": 1211.9334942059088,
            "sigma": 12.138843090847786,
            "1sigma": [
                1198.8244875878686,
                1223.1021737695642
            ],
            "2sigma": [
                1187.7087110957764,
                1234.0515493569117
            ],
            "3sigma": [
                1177.3258060905582,
                1243.3800990158536
            ],
            "5sigma": [
                1163.6471009858055,
                1244.0310740397551
            ],
            "q75%": 1219.935861099555,
            "q25%": 1202.3197981933943,
            "q99%": 1238.1401615488846,
            "q01%": 1181.9840527314825,
            "q90%": 1226.4717375562705,
            "q10%": 1195.39237745682
        },
        {
            "median": 0.0009098511263331931,
            "sigma": 9.806652339745695e-05,
            "1sigma": [
                0.0008034984996387979,
                0.0009996315464337118
            ],
            "2sigma": [
                0.0007245009393690772,
                0.0010785595670886052
            ],
            "3sigma": [
                0.0006521592757847545,
                0.0011841249953002237
            ],
            "5sigma": [
                0.0006216898637351349,
                0.0012275271099131484
            ],
            "q75%": 0.0009681116279444331,
            "q25%": 0.0008312762460861601,
            "q99%": 0.0011201255038209212,
            "q01%": 0.0006999636674329273,
            "q90%": 0.0010228337036272562,
            "q10%": 0.000784367516994208
        },
        {
            "median": 61.31918606241485,
            "sigma": 8.92569256234874,
            "1sigma": [
                52.37244894330518,
                70.22383406800266
            ],
            "2sigma": [
                44.50631193183467,
                77.02169631224143
            ],
            "3sigma": [
                36.47034202280622,
                86.15280053754088
            ],
            "5sigma": [
                27.91819564050688,
                87.46736013404336
            ],
            "q75%": 67.0761172014109,
            "q25%": 55.309321363410604,
            "q99%": 79.2422248982775,
            "q01%": 42.010060667942355,
            "q90%": 72.10392240596148,
            "q10%": 49.965575038505314
        }
    ]
}