{
    "modes": [],
    "nested sampling global log-evidence": -21.804424973429974,
    "nested sampling global log-evidence error": 0.10819899355844968,
    "global evidence": -21.804424973429974,
    "global evidence error": 0.10819899355844968,
    "marginals": [
        {
            "median": 0.8602180607367177,
            "sigma": 1.5921290007283677,
            "1sigma": [
                0.27759073662111966,
                3.461848738077855
            ],
            "2sigma": [
                0.13097165850461784,
                10.673087692983813
            ],
            "3sigma": [
                0.101329030251016,
                23.648665430749073
            ],
            "5sigma": [
                0.1002842255035748,
                56.677410047170454
            ],
            "q75%": 2.155681355739721,
            "q25%": 0.3810136583430556,
            "q99%": 14.998995842773182,
            "q01%": 0.1082240942745,
            "q90%": 4.795431964049108,
            "q10%": 0.21068547618363306
        },
        {
            "median": 1206.0016384424243,
            "sigma": 13.579849142646708,
            "1sigma": [
                1192.9934195973385,
                1220.153117882632
            ],
            "2sigma": [
                1180.077728271594,
                1234.4202868955774
            ],
            "3sigma": [
                1166.669019469952,
                1249.0647447068561
            ],
            "5sigma": [
                1161.2129904171168,
                1260.5894859737518
            ],
            "q75%": 1215.8937552372495,
            "q25%": 1197.5047439801806,
            "q99%": 1241.1336842369262,
            "q01%": 1173.583569085183,
            "q90%": 1224.2518280795287,
            "q10%": 1189.3219589521154
        },
        {
            "median": -18.550745053609727,
            "sigma": 0.4210139434760354,
            "1sigma": [
                -19.00763221533184,
                -18.165604328379768
            ],
            "2sigma": [
                -19.462387764353775,
                -17.64684889750975
            ],
            "3sigma": [
                -19.92242392594279,
                -17.066249518231373
            ],
            "5sigma": [
                -20.041121866042708,
                -16.915766297871063
            ],
            "q75%": -18.293835030684928,
            "q25%": -18.856273540216907,
            "q99%": -17.39463344244818,
            "q01%": -19.623964622509465,
            "q90%": -17.99985208932837,
            "q10%": -19.11947841952436
        },
        {
            "median": 0.41221369680026965,
            "sigma": 0.08294035158776542,
            "1sigma": [
                0.3311292149107448,
                0.49700991808627565
            ],
            "2sigma": [
                0.2420925732203354,
                0.589428811012956
            ],
            "3sigma": [
                0.1428025791968299,
                0.7118007869502161
            ],
            "5sigma": [
                0.009762804080960641,
                0.7672924293233366
            ],
            "q75%": 0.4697201244683481,
            "q25%": 0.3549729597366687,
            "q99%": 0.6225899267593223,
            "q01%": 0.21228067363355402,
            "q90%": 0.5261632321512812,
            "q10%": 0.3070875320370917
        },
        {
            "median": 201255.7494082193,
            "sigma": 14473.403355066897,
            "1sigma": [
                187634.57300269956,
                216581.37971283335
            ],
            "2sigma": [
                175821.6885483075,
                230024.42324100772
            ],
            "3sigma": [
                169076.43441473864,
                247028.8927687365
            ],
            "5sigma": [
                168240.3075783029,
                260106.75815533134
            ],
            "q75%": 212306.8614560627,
            "q25%": 191655.02609698652,
            "q99%": 234718.19421785235,
            "q01%": 173536.84581416583,
            "q90%": 220156.24329932852,
            "q10%": 184471.6282485124
        },
        {
            "median": 0.8519215712916174,
            "sigma": 0.0002328618950524497,
            "1sigma": [
                0.8516958823973959,
                0.8521616061875008
            ],
            "2sigma": [
                0.8515588817817595,
                0.8524050320168315
            ],
            "3sigma": [
                0.851501030928965,
                0.8524847190317442
            ],
            "5sigma": [
                0.851500459086969,
                0.8524994125187951
            ],
            "q75%": 0.8520924703010666,
            "q25%": 0.8517619728876655,
            "q99%": 0.8524548622621285,
            "q01%": 0.8515329028145298,
            "q90%": 0.8522457736554032,
            "q10%": 0.8516444065883755
        },
        {
            "median": 0.8479809413848732,
            "sigma": 7.102273687353833e-05,
            "1sigma": [
                0.8479149333681729,
                0.84805697884192
            ],
            "2sigma": [
                0.847843930013129,
                0.8481267739343065
            ],
            "3sigma": [
                0.8477686710483963,
                0.8481959866586923
            ],
            "5sigma": [
                0.8476033730380463,
                0.8483381451427798
            ],
            "q75%": 0.8480311077144624,
            "q25%": 0.847939834752119,
            "q99%": 0.848151790909973,
            "q01%": 0.8478171968072659,
            "q90%": 0.848074062835752,
            "q10%": 0.8478987454795653
        },
        {
            "median": 3.9830839576362203,
            "sigma": 2.032586504848275,
            "1sigma": [
                1.6864778638020683,
                5.751650873498618
            ],
            "2sigma": [
                0.4480371905897463,
                7.141793167419813
            ],
            "3sigma": [
                0.12703220610447524,
                8.19225826705498
            ],
            "5sigma": [
                0.1080895877021224,
                11.530098012940684
            ],
            "q75%": 5.259158295998358,
            "q25%": 2.389388507915033,
            "q99%": 7.663696656152634,
            "q01%": 0.30561583903787887,
            "q90%": 6.245117018809231,
            "q10%": 1.1754479238288147
        }
    ]
}