,dpdt,T,Kd,MI_radius,Profile
0,0.0015720295835423216,1209.146637085902,0.0009109441445126296,120.05685629118749,SW_7_10_1
