{
    "modes": [],
    "nested sampling global log-evidence": -3.2540365582487634,
    "nested sampling global log-evidence error": 0.08222443599228901,
    "global evidence": -3.2540365582487634,
    "global evidence error": 0.08222443599228901,
    "marginals": [
        {
            "median": 0.0015720295835423216,
            "sigma": 0.0005377313007875894,
            "1sigma": [
                0.0011911719470605396,
                0.0022666345486357185
            ],
            "2sigma": [
                0.0009223948411264644,
                0.003236832614149621
            ],
            "3sigma": [
                0.0006831691094926664,
                0.007618826618854411
            ],
            "5sigma": [
                0.0004547694174039321,
                9.703138185834602
            ],
            "q75%": 0.001992459651855001,
            "q25%": 0.0012865293906140214,
            "q99%": 0.004114568126990091,
            "q01%": 0.0008171690711414677,
            "q90%": 0.0025167329610588825,
            "q10%": 0.00109571301230801
        },
        {
            "median": 1209.146637085902,
            "sigma": 12.126073242490634,
            "1sigma": [
                1197.1578166637403,
                1221.4099631487215
            ],
            "2sigma": [
                1187.1919996555987,
                1233.9180269707178
            ],
            "3sigma": [
                1171.5974140681985,
                1245.7562950738609
            ],
            "5sigma": [
                1160.0236107300207,
                1249.8319447935983
            ],
            "q75%": 1217.4102719792634,
            "q25%": 1201.1890136870675,
            "q99%": 1238.6385227318046,
            "q01%": 1179.3017655597616,
            "q90%": 1224.4660887842772,
            "q10%": 1194.2438867363162
        },
        {
            "median": 0.0009109441445126296,
            "sigma": 8.918171268104398e-05,
            "1sigma": [
                0.000817833518489481,
                0.000996196943851569
            ],
            "2sigma": [
                0.000738367304700518,
                0.0010715441291332007
            ],
            "3sigma": [
                0.0006208375996882056,
                0.0011497699681357117
            ],
            "5sigma": [
                0.0005839703441437114,
                0.0012440994533009864
            ],
            "q75%": 0.0009693918458710818,
            "q25%": 0.0008446877473891158,
            "q99%": 0.0011100512681606277,
            "q01%": 0.0006972037088838576,
            "q90%": 0.0010215342599545995,
            "q10%": 0.0007968305214666823
        },
        {
            "median": 120.05685629118749,
            "sigma": 0.8762533005891626,
            "1sigma": [
                119.1064678569796,
                120.85897445815793
            ],
            "2sigma": [
                118.39378066856753,
                121.76448954300929
            ],
            "3sigma": [
                117.20876273506113,
                122.92690686532148
            ],
            "5sigma": [
                117.17289159209615,
                123.10680159184396
            ],
            "q75%": 120.6208517247912,
            "q25%": 119.41019061711869,
            "q99%": 122.12455378540034,
            "q01%": 118.00534950189261,
            "q90%": 121.1061070941242,
            "q10%": 118.88950710156159
        }
    ]
}