,dpdt,T,Kd,MI_radius,Profile
0,0.053827997021579976,1208.5518515164995,0.0009016782539561461,142.5540578437548,K97_23_16_1
