{
    "modes": [],
    "nested sampling global log-evidence": -0.6605672642837155,
    "nested sampling global log-evidence error": 0.03601200377338747,
    "global evidence": -0.6605672642837155,
    "global evidence error": 0.03601200377338747,
    "marginals": [
        {
            "median": 0.053827997021579976,
            "sigma": 1.0620829970735608,
            "1sigma": [
                0.0013787236356960888,
                2.1255447177828177
            ],
            "2sigma": [
                0.00032406536610740064,
                6.990429654850279
            ],
            "3sigma": [
                0.00014976101542139234,
                9.75792901972351
            ],
            "5sigma": [
                7.036860697958775e-05,
                9.779360532042798
            ],
            "q75%": 0.7902359985422245,
            "q25%": 0.0029884388886434144,
            "q99%": 9.05920287520017,
            "q01%": 0.00024149095898194487,
            "q90%": 3.620100034763536,
            "q10%": 0.0007794213894130479
        },
        {
            "median": 1208.5518515164995,
            "sigma": 12.298913460291828,
            "1sigma": [
                1196.8634903055188,
                1221.4613172261024
            ],
            "2sigma": [
                1182.0887757762453,
                1234.1782418139037
            ],
            "3sigma": [
                1172.0246913770636,
                1243.7533898381075
            ],
            "5sigma": [
                1171.8850798208703,
                1245.05292215357
            ],
            "q75%": 1217.672925038273,
            "q25%": 1200.7353710880043,
            "q99%": 1240.2812572578414,
            "q01%": 1175.6175320019804,
            "q90%": 1225.2928808800627,
            "q10%": 1193.0433861397412
        },
        {
            "median": 0.0009016782539561461,
            "sigma": 9.923951672597309e-05,
            "1sigma": [
                0.0008030066236734284,
                0.0010014856571253746
            ],
            "2sigma": [
                0.0007090677515490688,
                0.0011040984460755421
            ],
            "3sigma": [
                0.0005191907808890639,
                0.0011962514791876418
            ],
            "5sigma": [
                0.0005162750186599157,
                0.0012378992016174215
            ],
            "q75%": 0.0009737750111818713,
            "q25%": 0.0008284503281466571,
            "q99%": 0.001147065727338968,
            "q01%": 0.0006747113486068242,
            "q90%": 0.0010295191622875358,
            "q10%": 0.0007685170733790464
        },
        {
            "median": 142.5540578437548,
            "sigma": 0.9282510362913001,
            "1sigma": [
                141.6119905501921,
                143.4684926227747
            ],
            "2sigma": [
                140.69347362449423,
                144.66889937094405
            ],
            "3sigma": [
                139.9527370664803,
                145.19819133177003
            ],
            "5sigma": [
                139.95175329452832,
                145.27275147092496
            ],
            "q75%": 143.18454047049468,
            "q25%": 141.91290930303973,
            "q99%": 144.89033240844844,
            "q01%": 140.3018815633704,
            "q90%": 143.73031815098997,
            "q10%": 141.38037253407902
        }
    ]
}