,dpdt,T,Kd,MI_radius,Profile
0,0.00019626525723383503,1209.6028407447018,0.0009061240376191942,42.487807394713826,SW_7_6_1
