{
    "modes": [],
    "nested sampling global log-evidence": -4.230707630704832,
    "nested sampling global log-evidence error": 0.0969680940563606,
    "global evidence": -4.230707630704832,
    "global evidence error": 0.0969680940563606,
    "marginals": [
        {
            "median": 0.00019626525723383503,
            "sigma": 3.4125449570985924e-05,
            "1sigma": [
                0.00016365239537399174,
                0.00023190329451596358
            ],
            "2sigma": [
                0.0001447999364512073,
                0.0002676103422318233
            ],
            "3sigma": [
                0.00011963385843313511,
                0.00031822751807191515
            ],
            "5sigma": [
                8.58631521270442e-05,
                0.0004033788325934615
            ],
            "q75%": 0.00022056821167678017,
            "q25%": 0.00017386200508933916,
            "q99%": 0.00028617344278394083,
            "q01%": 0.00013733956496242666,
            "q90%": 0.0002429538876634706,
            "q10%": 0.00015649186172746743
        },
        {
            "median": 1209.6028407447018,
            "sigma": 13.710894851153967,
            "1sigma": [
                1196.1619742989444,
                1223.5837640012523
            ],
            "2sigma": [
                1187.699070927739,
                1234.661258690806
            ],
            "3sigma": [
                1173.6098999743099,
                1245.9643953511163
            ],
            "5sigma": [
                1169.9918944009742,
                1258.6897543442212
            ],
            "q75%": 1219.711192008219,
            "q25%": 1201.0791541138844,
            "q99%": 1238.7042078959742,
            "q01%": 1184.2083416034925,
            "q90%": 1227.6776784173812,
            "q10%": 1193.0919877171602
        },
        {
            "median": 0.0009061240376191942,
            "sigma": 9.380288828563589e-05,
            "1sigma": [
                0.0008091000741567365,
                0.0009967058507280083
            ],
            "2sigma": [
                0.0007368553327816612,
                0.0010799842021478334
            ],
            "3sigma": [
                0.0006525085801215762,
                0.0011714907713897516
            ],
            "5sigma": [
                0.0005700273623052247,
                0.0011738979287953322
            ],
            "q75%": 0.0009697167626060733,
            "q25%": 0.0008370710255110674,
            "q99%": 0.0011136169378694939,
            "q01%": 0.0007161955800614523,
            "q90%": 0.0010175584113407297,
            "q10%": 0.0007866709060462192
        },
        {
            "median": 42.487807394713826,
            "sigma": 0.9623477702563754,
            "1sigma": [
                41.51808603631307,
                43.44278157682582
            ],
            "2sigma": [
                40.66920431250851,
                44.20905303253587
            ],
            "3sigma": [
                39.31316684658616,
                45.716681262010965
            ],
            "5sigma": [
                39.18248797927546,
                45.84339178378799
            ],
            "q75%": 43.162201537468846,
            "q25%": 41.76651951422568,
            "q99%": 44.627319413114634,
            "q01%": 40.28727710244672,
            "q90%": 43.63458017700259,
            "q10%": 41.25182735750012
        }
    ]
}