,dpdt,T,Kd,MI_radius,Profile
0,0.0005968852973288152,1210.9334777044196,0.0009060808943550782,56.33422801054269,SW_7_3_1
