{
    "modes": [],
    "nested sampling global log-evidence": -4.057284900632084,
    "nested sampling global log-evidence error": 0.09486578311806237,
    "global evidence": -4.057284900632084,
    "global evidence error": 0.09486578311806237,
    "marginals": [
        {
            "median": 0.0005968852973288152,
            "sigma": 0.00023079243366449668,
            "1sigma": [
                0.0004144756108805625,
                0.0008760604782095558
            ],
            "2sigma": [
                0.00027853905585147233,
                0.001310541096638194
            ],
            "3sigma": [
                0.00019217004850164562,
                0.0019385225011831445
            ],
            "5sigma": [
                0.0001846169335116265,
                0.002453045500714924
            ],
            "q75%": 0.0007722982875595849,
            "q25%": 0.0004677318009674335,
            "q99%": 0.0014903136617541496,
            "q01%": 0.00023907845031126665,
            "q90%": 0.000982936892504757,
            "q10%": 0.00037582271068537355
        },
        {
            "median": 1210.9334777044196,
            "sigma": 12.032553488692315,
            "1sigma": [
                1197.6827347733404,
                1221.747841750725
            ],
            "2sigma": [
                1185.683734605332,
                1232.762396610176
            ],
            "3sigma": [
                1169.7371366300758,
                1247.1359964542942
            ],
            "5sigma": [
                1167.1663909483052,
                1260.1153532982698
            ],
            "q75%": 1218.647864926861,
            "q25%": 1201.699340753717,
            "q99%": 1236.1827810668988,
            "q01%": 1181.9964407833033,
            "q90%": 1224.9139872256883,
            "q10%": 1194.5964340776106
        },
        {
            "median": 0.0009060808943550782,
            "sigma": 9.279991896874953e-05,
            "1sigma": [
                0.000812006523947578,
                0.000997606361885077
            ],
            "2sigma": [
                0.0007297073057237658,
                0.0010816398776897216
            ],
            "3sigma": [
                0.0006479696946048219,
                0.0011632493606243848
            ],
            "5sigma": [
                0.0005470012792224185,
                0.0012112165302259165
            ],
            "q75%": 0.000971604350604581,
            "q25%": 0.0008454552804316737,
            "q99%": 0.001110211140459037,
            "q01%": 0.0007048558936769981,
            "q90%": 0.001022428710013703,
            "q10%": 0.0007875380788498216
        },
        {
            "median": 56.33422801054269,
            "sigma": 9.787552653343162,
            "1sigma": [
                47.22091194180206,
                66.79601724848838
            ],
            "2sigma": [
                39.30572428348889,
                76.44899278746456
            ],
            "3sigma": [
                31.09113061705579,
                87.03112234015951
            ],
            "5sigma": [
                28.228977616650162,
                90.46680294231535
            ],
            "q75%": 63.59426894349842,
            "q25%": 50.10989061472041,
            "q99%": 80.56499425755942,
            "q01%": 35.67919983143751,
            "q90%": 69.52073004308023,
            "q10%": 45.09580574752887
        }
    ]
}