,dpdt,T,Kd,MI_radius,Profile
0,0.0005184516574000444,1210.9936134292689,0.0008989441641165009,119.84566924883707,SW_7_10_1
