{
    "modes": [],
    "nested sampling global log-evidence": -4.12410248664306,
    "nested sampling global log-evidence error": 0.09555828036417569,
    "global evidence": -4.12410248664306,
    "global evidence error": 0.09555828036417569,
    "marginals": [
        {
            "median": 0.0005184516574000444,
            "sigma": 9.02711493092855e-05,
            "1sigma": [
                0.0004413989457822019,
                0.0006219412444007729
            ],
            "2sigma": [
                0.0003762104783115844,
                0.0007161379853797388
            ],
            "3sigma": [
                0.0003301388007610041,
                0.0008357093288195831
            ],
            "5sigma": [
                0.0002587936644663119,
                0.0011026026712291624
            ],
            "q75%": 0.000587669985327406,
            "q25%": 0.00046240105691266087,
            "q99%": 0.0007576561211662367,
            "q01%": 0.00035447870406516124,
            "q90%": 0.0006524836819017311,
            "q10%": 0.0004224633720601214
        },
        {
            "median": 1210.9936134292689,
            "sigma": 13.227251694905362,
            "1sigma": [
                1198.0733517697627,
                1224.5278551595734
            ],
            "2sigma": [
                1187.3006275395858,
                1237.9210786911976
            ],
            "3sigma": [
                1178.730865606679,
                1248.1788936409298
            ],
            "5sigma": [
                1177.3417102107046,
                1264.6924513268862
            ],
            "q75%": 1220.2395419493264,
            "q25%": 1201.529413248162,
            "q99%": 1241.1296221327582,
            "q01%": 1183.1904074144798,
            "q90%": 1227.9999302847402,
            "q10%": 1195.6055628690033
        },
        {
            "median": 0.0008989441641165009,
            "sigma": 9.189692692954397e-05,
            "1sigma": [
                0.0008100316069803243,
                0.0009938254608394123
            ],
            "2sigma": [
                0.000711696371428136,
                0.0010701509728012224
            ],
            "3sigma": [
                0.0006334131029389675,
                0.0011718764931374968
            ],
            "5sigma": [
                0.0006163433960825191,
                0.001215001670680129
            ],
            "q75%": 0.0009647728631994011,
            "q25%": 0.000839433419189217,
            "q99%": 0.0011040737408902887,
            "q01%": 0.0006852314710981578,
            "q90%": 0.0010142072330699247,
            "q10%": 0.0007838652288293053
        },
        {
            "median": 119.84566924883707,
            "sigma": 0.920628183847576,
            "1sigma": [
                118.95244997851557,
                120.79370634621073
            ],
            "2sigma": [
                118.15444178448142,
                121.91030616064829
            ],
            "3sigma": [
                116.98300033730727,
                122.59133638890388
            ],
            "5sigma": [
                116.78230170016745,
                122.89201573358895
            ],
            "q75%": 120.49849771747998,
            "q25%": 119.26560865834209,
            "q99%": 122.18774083739615,
            "q01%": 117.64465807243236,
            "q90%": 121.09776980538527,
            "q10%": 118.7300900346347
        }
    ]
}