,Median,1 sigma low,1 sigma high,2 sigma low,2 sigma high,1sigma error low,1sigma error high,Profile
0,0.0029554440788008545,0.0024610000048779805,0.003676911185426237,0.002032592818643573,0.004898202544252841,0.000494444073922874,0.0007214671066253825,SW_7_3_1
