,dpdt,T,Kd,MI_radius,Profile
0,0.0029554440788008545,1211.1235830230676,0.0009058653747811683,56.6110415617816,SW_7_3_1
