{
    "modes": [],
    "nested sampling global log-evidence": -3.5192815957893107,
    "nested sampling global log-evidence error": 0.08705747121707473,
    "global evidence": -3.5192815957893107,
    "global evidence error": 0.08705747121707473,
    "marginals": [
        {
            "median": 0.0029554440788008545,
            "sigma": 0.0006079555902741283,
            "1sigma": [
                0.0024610000048779805,
                0.003676911185426237
            ],
            "2sigma": [
                0.002032592818643573,
                0.004898202544252841
            ],
            "3sigma": [
                0.00166338113250414,
                0.006457118658370827
            ],
            "5sigma": [
                0.0013264692748629471,
                0.01028014993893971
            ],
            "q75%": 0.003422676813926473,
            "q25%": 0.002608032075331024,
            "q99%": 0.005283771564402989,
            "q01%": 0.0018766762087376427,
            "q90%": 0.003968656452691804,
            "q10%": 0.0022890841717083774
        },
        {
            "median": 1211.1235830230676,
            "sigma": 12.207751469450272,
            "1sigma": [
                1198.9267153809137,
                1223.3422183198143
            ],
            "2sigma": [
                1186.9624814316164,
                1234.75191664302
            ],
            "3sigma": [
                1173.1364631099796,
                1244.7991559960476
            ],
            "5sigma": [
                1164.5302652785988,
                1270.7183457943618
            ],
            "q75%": 1219.688955144251,
            "q25%": 1202.618079117803,
            "q99%": 1239.2676840072215,
            "q01%": 1181.5629305153905,
            "q90%": 1226.6548485598782,
            "q10%": 1195.3840764799993
        },
        {
            "median": 0.0009058653747811683,
            "sigma": 9.894927332488907e-05,
            "1sigma": [
                0.0008023813811058446,
                0.0010002799277556227
            ],
            "2sigma": [
                0.0007194576606525374,
                0.001097977995577331
            ],
            "3sigma": [
                0.0006407256571168542,
                0.001183083634953042
            ],
            "5sigma": [
                0.000607715836117459,
                0.0012281315085207938
            ],
            "q75%": 0.0009708695569259052,
            "q25%": 0.0008346968090930343,
            "q99%": 0.0011226185585387837,
            "q01%": 0.0006906292648637708,
            "q90%": 0.001026019017651007,
            "q10%": 0.0007752219893898976
        },
        {
            "median": 56.6110415617816,
            "sigma": 0.994221227591634,
            "1sigma": [
                55.546891027633485,
                57.53533348281675
            ],
            "2sigma": [
                54.570668494109434,
                58.412118675809424
            ],
            "3sigma": [
                53.604681844435255,
                59.660841761614826
            ],
            "5sigma": [
                53.33104503051664,
                60.053750631373546
            ],
            "q75%": 57.251743394545684,
            "q25%": 55.846391778406414,
            "q99%": 58.774765998259305,
            "q01%": 54.16781249230213,
            "q90%": 57.772125617865235,
            "q10%": 55.277251795788274
        }
    ]
}