,dpdt,T,Kd,MI_radius,Profile
0,0.00023846328512537972,1211.3456291762163,0.0008944031118580643,50.01465343780468,K97_23_8_1
