,Median,1 sigma low,1 sigma high,2 sigma low,2 sigma high,1sigma error low,1sigma error high,Profile
0,0.00023846328512537972,0.00020006041936954715,0.0002890751289272429,0.0001673927574257958,0.00034701598281875373,3.840286575583257e-05,5.06118438018632e-05,K97_23_8_1
