{
    "modes": [],
    "nested sampling global log-evidence": -3.7132665306956847,
    "nested sampling global log-evidence error": 0.09013972387204548,
    "global evidence": -3.7132665306956847,
    "global evidence error": 0.09013972387204548,
    "marginals": [
        {
            "median": 0.00023846328512537972,
            "sigma": 4.450735477884789e-05,
            "1sigma": [
                0.00020006041936954715,
                0.0002890751289272429
            ],
            "2sigma": [
                0.0001673927574257958,
                0.00034701598281875373
            ],
            "3sigma": [
                0.0001277947771456754,
                0.00043025953884008583
            ],
            "5sigma": [
                0.0001060245530050615,
                0.0006381861078777447
            ],
            "q75%": 0.00027052265355623933,
            "q25%": 0.00021152538910219172,
            "q99%": 0.0003638970259854862,
            "q01%": 0.00015374588600630443,
            "q90%": 0.0003054761272657189,
            "q10%": 0.00019006346417646135
        },
        {
            "median": 1211.3456291762163,
            "sigma": 11.217206897087294,
            "1sigma": [
                1199.5507269530865,
                1221.985140747261
            ],
            "2sigma": [
                1187.7742619147666,
                1233.1028055095512
            ],
            "3sigma": [
                1173.823464210742,
                1243.4285022144757
            ],
            "5sigma": [
                1168.9683578656236,
                1253.1188947994556
            ],
            "q75%": 1218.4010275538478,
            "q25%": 1203.7555430311124,
            "q99%": 1236.8458471248064,
            "q01%": 1184.0142723776387,
            "q90%": 1225.4489416119686,
            "q10%": 1196.4365670853706
        },
        {
            "median": 0.0008944031118580643,
            "sigma": 9.697253316422113e-05,
            "1sigma": [
                0.0008009694805899817,
                0.000994914546918424
            ],
            "2sigma": [
                0.0007234408358139481,
                0.0010762591146631284
            ],
            "3sigma": [
                0.0005650863801166981,
                0.0011715160864077866
            ],
            "5sigma": [
                0.0005361715694887608,
                0.0012265890692314335
            ],
            "q75%": 0.0009646045320589064,
            "q25%": 0.0008282491256363561,
            "q99%": 0.0011087696505149302,
            "q01%": 0.0006935306425081588,
            "q90%": 0.0010224325282353938,
            "q10%": 0.0007780246224782939
        },
        {
            "median": 50.01465343780468,
            "sigma": 1.0009424978997998,
            "1sigma": [
                48.99658078524817,
                50.99846578104777
            ],
            "2sigma": [
                48.117295869447666,
                51.90679017966142
            ],
            "3sigma": [
                46.999764161597874,
                52.716792827397846
            ],
            "5sigma": [
                46.55091046871499,
                53.017080555626826
            ],
            "q75%": 50.711725651280496,
            "q25%": 49.33076402066179,
            "q99%": 52.261137985526396,
            "q01%": 47.63400407669939,
            "q90%": 51.24127298891787,
            "q10%": 48.76853057415451
        }
    ]
}