,dpdt,T,Kd,MI_radius,Profile
0,0.0001387616860539657,1209.6248221699138,0.0008872371433587169,50.139354691662916,K97_23_8_1
