{
    "modes": [],
    "nested sampling global log-evidence": -4.278855665800647,
    "nested sampling global log-evidence error": 0.09783994019025855,
    "global evidence": -4.278855665800647,
    "global evidence error": 0.09783994019025855,
    "marginals": [
        {
            "median": 0.0001387616860539657,
            "sigma": 2.350981017447748e-05,
            "1sigma": [
                0.000117210784745577,
                0.00016423040509453197
            ],
            "2sigma": [
                0.0001012055663334549,
                0.00018798108265111456
            ],
            "3sigma": [
                8.181009277506109e-05,
                0.00021571842338108553
            ],
            "5sigma": [
                7.223750861479093e-05,
                0.00027584141013688754
            ],
            "q75%": 0.0001537932365589595,
            "q25%": 0.00012329881310741274,
            "q99%": 0.00019995904106711787,
            "q01%": 9.737953404318388e-05,
            "q90%": 0.00017178242674011727,
            "q10%": 0.00011176172578382799
        },
        {
            "median": 1209.6248221699138,
            "sigma": 12.256162628514744,
            "1sigma": [
                1197.8618854725116,
                1222.3742107295411
            ],
            "2sigma": [
                1186.6784408151525,
                1231.6073125001994
            ],
            "3sigma": [
                1166.7672300632657,
                1240.4406643227865
            ],
            "5sigma": [
                1166.11968190175,
                1241.7920989929298
            ],
            "q75%": 1218.7726113829926,
            "q25%": 1201.3342280573784,
            "q99%": 1235.704441073507,
            "q01%": 1181.063547521115,
            "q90%": 1224.842543388468,
            "q10%": 1195.2741935709216
        },
        {
            "median": 0.0008872371433587169,
            "sigma": 9.544062089334978e-05,
            "1sigma": [
                0.0007968803449556433,
                0.0009877615867423428
            ],
            "2sigma": [
                0.0007240529697226989,
                0.001066706822108184
            ],
            "3sigma": [
                0.000628409821226982,
                0.0011770904160460177
            ],
            "5sigma": [
                0.0005899909624774382,
                0.0011788976713469628
            ],
            "q75%": 0.000960912942080867,
            "q25%": 0.0008263826445108763,
            "q99%": 0.0010998390019896459,
            "q01%": 0.000695841381829627,
            "q90%": 0.001011091205597145,
            "q10%": 0.0007736029516899527
        },
        {
            "median": 50.139354691662916,
            "sigma": 0.971831299121412,
            "1sigma": [
                49.11475564498633,
                51.058418243229156
            ],
            "2sigma": [
                48.33613470375029,
                51.95289649675594
            ],
            "3sigma": [
                46.41285940905957,
                52.93143207706195
            ],
            "5sigma": [
                45.551342462312164,
                53.02819166874172
            ],
            "q75%": 50.74973713887028,
            "q25%": 49.42080116875488,
            "q99%": 52.27247869348414,
            "q01%": 48.086501703515125,
            "q90%": 51.32007548135789,
            "q10%": 48.90543985474508
        }
    ]
}