,Median,1 sigma low,1 sigma high,2 sigma low,2 sigma high,1sigma error low,1sigma error high,Profile
0,0.0012564274266104849,0.0010347426543391466,0.0014682268760083219,0.0008351047610469217,0.0017302613997505858,0.00022168477227133823,0.00021179944939783701,K97_23_10_1
