,dpdt,T,Kd,MI_radius,Profile
0,0.0012564274266104849,1209.5142165733644,0.0009010414803124383,61.020161613521715,K97_23_10_1
