{
    "modes": [],
    "nested sampling global log-evidence": -3.94429543954504,
    "nested sampling global log-evidence error": 0.09291439883421329,
    "global evidence": -3.94429543954504,
    "global evidence error": 0.09291439883421329,
    "marginals": [
        {
            "median": 0.0012564274266104849,
            "sigma": 0.00021674211083458762,
            "1sigma": [
                0.0010347426543391466,
                0.0014682268760083219
            ],
            "2sigma": [
                0.0008351047610469217,
                0.0017302613997505858
            ],
            "3sigma": [
                0.0006801144634293743,
                0.002132510291644316
            ],
            "5sigma": [
                0.0005463974910863343,
                0.003099031663972683
            ],
            "q75%": 0.0014015474775095136,
            "q25%": 0.0010988916027820806,
            "q99%": 0.001878147601059087,
            "q01%": 0.0007710125965805835,
            "q90%": 0.00153982384467256,
            "q10%": 0.0009802647417029228
        },
        {
            "median": 1209.5142165733644,
            "sigma": 12.63035487024149,
            "1sigma": [
                1196.8387244015523,
                1222.0994341420353
            ],
            "2sigma": [
                1187.2271788450369,
                1232.5503090910179
            ],
            "3sigma": [
                1171.130132020829,
                1246.4100617522788
            ],
            "5sigma": [
                1165.163974647406,
                1252.4998365247977
            ],
            "q75%": 1218.3206695718677,
            "q25%": 1200.6157566775169,
            "q99%": 1238.730470384891,
            "q01%": 1181.3553588145342,
            "q90%": 1225.2180314017469,
            "q10%": 1193.824295865633
        },
        {
            "median": 0.0009010414803124383,
            "sigma": 8.751704467880949e-05,
            "1sigma": [
                0.0008126589419865515,
                0.0009876930313441705
            ],
            "2sigma": [
                0.0007176590468266811,
                0.0010724773653362114
            ],
            "3sigma": [
                0.0005981570836308539,
                0.0011351486422109874
            ],
            "5sigma": [
                0.0005237471446024942,
                0.001167291521833172
            ],
            "q75%": 0.0009611926315720856,
            "q25%": 0.0008380890073435435,
            "q99%": 0.0010902845543130897,
            "q01%": 0.0006754905539906463,
            "q90%": 0.0010151418105812284,
            "q10%": 0.0007902517776927642
        },
        {
            "median": 61.020161613521715,
            "sigma": 0.9325190576581477,
            "1sigma": [
                60.07945048204748,
                61.94448859736377
            ],
            "2sigma": [
                59.2961644580419,
                62.732268875025575
            ],
            "3sigma": [
                58.15430725402736,
                63.932016906977445
            ],
            "5sigma": [
                57.99111654860806,
                64.19618985466813
            ],
            "q75%": 61.65530244593749,
            "q25%": 60.367764344314025,
            "q99%": 63.16193828661222,
            "q01%": 58.86292976199151,
            "q90%": 62.20656953457536,
            "q10%": 59.87642395822122
        }
    ]
}