,dpdt,T,Kd,MI_radius,Profile
0,0.02474287084288631,1209.938997512029,0.000897560568922361,72.58912670056299,SW_7_8_1
