{
    "modes": [],
    "nested sampling global log-evidence": -1.532007274372726,
    "nested sampling global log-evidence error": 0.045790639492754456,
    "global evidence": -1.532007274372726,
    "global evidence error": 0.045790639492754456,
    "marginals": [
        {
            "median": 0.02474287084288631,
            "sigma": 0.5492951061882615,
            "1sigma": [
                0.005444641679321862,
                1.104034854055845
            ],
            "2sigma": [
                0.0027085034551422847,
                6.879330713036198
            ],
            "3sigma": [
                0.0015777349165625825,
                9.698191480680622
            ],
            "5sigma": [
                0.0009131338349187148,
                9.877741787643197
            ],
            "q75%": 0.37183767095659076,
            "q25%": 0.00734861608537765,
            "q99%": 8.46265262807228,
            "q01%": 0.0023252281745647385,
            "q90%": 2.390035675992948,
            "q10%": 0.004446514203073799
        },
        {
            "median": 1209.938997512029,
            "sigma": 12.416225977084082,
            "1sigma": [
                1197.7102010937713,
                1222.5426530479394
            ],
            "2sigma": [
                1185.7047348361507,
                1233.9204666061073
            ],
            "3sigma": [
                1166.4685656879492,
                1242.5440126045614
            ],
            "5sigma": [
                1166.4685656879492,
                1247.1306946177804
            ],
            "q75%": 1218.3280224891269,
            "q25%": 1201.5139587712836,
            "q99%": 1238.5596091289715,
            "q01%": 1179.8331895447402,
            "q90%": 1226.7407193736938,
            "q10%": 1194.3323095689634
        },
        {
            "median": 0.000897560568922361,
            "sigma": 9.68840765326796e-05,
            "1sigma": [
                0.0007999732563648571,
                0.0009937414094302163
            ],
            "2sigma": [
                0.0007114768212023042,
                0.0010818120183446963
            ],
            "3sigma": [
                0.0005998739708601816,
                0.0011737071937816842
            ],
            "5sigma": [
                0.0005998739708601816,
                0.0011804867397977197
            ],
            "q75%": 0.0009622563029232494,
            "q25%": 0.0008316390362320191,
            "q99%": 0.001128123357159111,
            "q01%": 0.0006806912702534104,
            "q90%": 0.0010159281675272875,
            "q10%": 0.0007696362608603836
        },
        {
            "median": 72.58912670056299,
            "sigma": 0.9606506211307106,
            "1sigma": [
                71.60257019683404,
                73.52387143909546
            ],
            "2sigma": [
                70.6147854464929,
                74.38396468588994
            ],
            "3sigma": [
                69.19607727932761,
                75.65175018750743
            ],
            "5sigma": [
                69.1342277722478,
                75.8697481501452
            ],
            "q75%": 73.24401988598908,
            "q25%": 71.89627384738297,
            "q99%": 74.8444176576508,
            "q01%": 70.10737165184378,
            "q90%": 73.77418940104253,
            "q10%": 71.33659445842751
        }
    ]
}