,Median,1 sigma low,1 sigma high,2 sigma low,2 sigma high,1sigma error low,1sigma error high,Profile
0,0.0001502953250200548,0.00011953677041687431,0.00019064447552300074,9.816653247987418e-05,0.0002550115781534572,3.07585546031805e-05,4.0349150502945924e-05,SW_7_2_1
