,dpdt,T,Kd,MI_radius,Profile
0,0.0001502953250200548,1209.353576210081,0.0009037626860387618,88.99827604574983,SW_7_2_1
