{
    "modes": [],
    "nested sampling global log-evidence": -3.4651441030515806,
    "nested sampling global log-evidence error": 0.08601599531832013,
    "global evidence": -3.4651441030515806,
    "global evidence error": 0.08601599531832013,
    "marginals": [
        {
            "median": 0.0001502953250200548,
            "sigma": 3.555385255306321e-05,
            "1sigma": [
                0.00011953677041687431,
                0.00019064447552300074
            ],
            "2sigma": [
                9.816653247987418e-05,
                0.0002550115781534572
            ],
            "3sigma": [
                7.440483320032003e-05,
                0.0003647668494170382
            ],
            "5sigma": [
                5.355513716050604e-05,
                0.001028968576258667
            ],
            "q75%": 0.00017595421413893144,
            "q25%": 0.00012769282122874427,
            "q99%": 0.0002781491418512056,
            "q01%": 8.811708203777605e-05,
            "q90%": 0.00020675210297728546,
            "q10%": 0.00011224027740754997
        },
        {
            "median": 1209.353576210081,
            "sigma": 11.936583299137851,
            "1sigma": [
                1197.1134521852234,
                1220.9866187834991
            ],
            "2sigma": [
                1186.440920324775,
                1232.5736892673708
            ],
            "3sigma": [
                1164.0604183672851,
                1242.1223853577073
            ],
            "5sigma": [
                1163.931114680276,
                1247.773603046924
            ],
            "q75%": 1217.3556123870535,
            "q25%": 1200.6888349366602,
            "q99%": 1235.4300809973734,
            "q01%": 1181.541351548155,
            "q90%": 1223.9713810580322,
            "q10%": 1193.489610346347
        },
        {
            "median": 0.0009037626860387618,
            "sigma": 8.680891381617281e-05,
            "1sigma": [
                0.0008133943953029145,
                0.00098701222293526
            ],
            "2sigma": [
                0.000716482183801214,
                0.001073668435865124
            ],
            "3sigma": [
                0.0005832255322700448,
                0.0011715474098690835
            ],
            "5sigma": [
                0.0005811215824379669,
                0.0012236711545706176
            ],
            "q75%": 0.0009649525958101521,
            "q25%": 0.000842014686907843,
            "q99%": 0.0011254363517839796,
            "q01%": 0.0006711050201124093,
            "q90%": 0.001011614992143123,
            "q10%": 0.0007860622886117249
        },
        {
            "median": 88.99827604574983,
            "sigma": 0.929828755824353,
            "1sigma": [
                88.05309524607085,
                89.91275275771956
            ],
            "2sigma": [
                87.22879023081708,
                90.83946823164759
            ],
            "3sigma": [
                86.13008242632857,
                91.94649214040318
            ],
            "5sigma": [
                86.07489687819015,
                92.24473775225856
            ],
            "q75%": 89.62810659301583,
            "q25%": 88.36514354033825,
            "q99%": 91.09917108756187,
            "q01%": 86.8405808318493,
            "q90%": 90.19319264871235,
            "q10%": 87.8037397490851
        }
    ]
}