,dpdt,T,Kd,MI_radius,Profile
0,0.0035724732313998377,1210.6920504851453,0.0009044270342532509,67.5454156674176,SW_7_7_1
