{
    "modes": [],
    "nested sampling global log-evidence": -3.6319841392770793,
    "nested sampling global log-evidence error": 0.08884002117440214,
    "global evidence": -3.6319841392770793,
    "global evidence error": 0.08884002117440214,
    "marginals": [
        {
            "median": 0.0035724732313998377,
            "sigma": 0.0007053369415630363,
            "1sigma": [
                0.002951456191167337,
                0.00436213007429341
            ],
            "2sigma": [
                0.002368080013931874,
                0.005391803128832337
            ],
            "3sigma": [
                0.0021023769312900984,
                0.007006293834675758
            ],
            "5sigma": [
                0.001342616157686669,
                0.01227581756728322
            ],
            "q75%": 0.004050039729460937,
            "q25%": 0.003137034152104766,
            "q99%": 0.00577702846220862,
            "q01%": 0.0022333244227234245,
            "q90%": 0.004690450592705948,
            "q10%": 0.0027829347723984216
        },
        {
            "median": 1210.6920504851453,
            "sigma": 12.736281434219904,
            "1sigma": [
                1197.2356857887476,
                1222.7082486571874
            ],
            "2sigma": [
                1185.1094731613223,
                1233.1561398681597
            ],
            "3sigma": [
                1174.8586866427418,
                1244.5097005916218
            ],
            "5sigma": [
                1172.7518165849792,
                1244.9303381161012
            ],
            "q75%": 1218.6474471888312,
            "q25%": 1201.3624996653684,
            "q99%": 1237.3472862941949,
            "q01%": 1180.2642490243763,
            "q90%": 1226.601880225079,
            "q10%": 1194.5147811306626
        },
        {
            "median": 0.0009044270342532509,
            "sigma": 9.042660466404746e-05,
            "1sigma": [
                0.0008125436432927975,
                0.0009933968526208924
            ],
            "2sigma": [
                0.0007272528465552733,
                0.0010823799035214806
            ],
            "3sigma": [
                0.0006391892117893299,
                0.0011749688074404096
            ],
            "5sigma": [
                0.0004963765148720577,
                0.0011991904737864531
            ],
            "q75%": 0.0009652116072722309,
            "q25%": 0.0008457106489477293,
            "q99%": 0.0011146116268714134,
            "q01%": 0.0007037678836326217,
            "q90%": 0.001017413993017468,
            "q10%": 0.0007899721730016242
        },
        {
            "median": 67.5454156674176,
            "sigma": 0.9566066935844901,
            "1sigma": [
                66.58049312141836,
                68.49370650858734
            ],
            "2sigma": [
                65.55149643668999,
                69.39099456933022
            ],
            "3sigma": [
                64.81662669152726,
                70.10298622370725
            ],
            "5sigma": [
                64.63794441879477,
                70.75291676877977
            ],
            "q75%": 68.17118933143712,
            "q25%": 66.87372271958141,
            "q99%": 69.62080427084899,
            "q01%": 65.1888208354041,
            "q90%": 68.76644450737375,
            "q10%": 66.3112259135533
        }
    ]
}