,dpdt,T,Kd,MI_radius,Profile
0,0.7448126848304755,1209.8352559019797,0.0008906984078948111,67.47219174376518,SW_7_7_1
