{
    "modes": [],
    "nested sampling global log-evidence": -2.4744895053656006,
    "nested sampling global log-evidence error": 0.05492530326417226,
    "global evidence": -2.4744895053656006,
    "global evidence error": 0.05492530326417226,
    "marginals": [
        {
            "median": 0.7448126848304755,
            "sigma": 1.6765797494869255,
            "1sigma": [
                0.10560326955836068,
                3.4587627685322118
            ],
            "2sigma": [
                0.0326348693049595,
                7.863592403191157
            ],
            "3sigma": [
                0.016474271767743538,
                9.72418827987142
            ],
            "5sigma": [
                0.005606906789366134,
                9.981714205319902
            ],
            "q75%": 2.313362909874312,
            "q25%": 0.19417748905403262,
            "q99%": 8.945003923413095,
            "q01%": 0.02462710284809536,
            "q90%": 4.543445714367369,
            "q10%": 0.07756979220497447
        },
        {
            "median": 1209.8352559019797,
            "sigma": 11.986603958837577,
            "1sigma": [
                1197.453979079736,
                1221.4271869974111
            ],
            "2sigma": [
                1186.3988297198318,
                1233.0396793047287
            ],
            "3sigma": [
                1164.0958103720172,
                1244.8133077007094
            ],
            "5sigma": [
                1160.7237228745998,
                1245.5369238143492
            ],
            "q75%": 1217.7957154813578,
            "q25%": 1201.7449933737926,
            "q99%": 1238.8143573988154,
            "q01%": 1183.352591516693,
            "q90%": 1224.5173336567725,
            "q10%": 1193.9469441289855
        },
        {
            "median": 0.0008906984078948111,
            "sigma": 8.978858952545302e-05,
            "1sigma": [
                0.0008029878043204876,
                0.0009825649833713937
            ],
            "2sigma": [
                0.0007210938469482593,
                0.0010743683197949666
            ],
            "3sigma": [
                0.0006109249634464523,
                0.0011640942327026988
            ],
            "5sigma": [
                0.0005859580088462914,
                0.001207960412334265
            ],
            "q75%": 0.000950666700586009,
            "q25%": 0.0008271083024059502,
            "q99%": 0.0011101038118943717,
            "q01%": 0.0006732334969220035,
            "q90%": 0.00100628768686719,
            "q10%": 0.0007770337301597492
        },
        {
            "median": 67.47219174376518,
            "sigma": 0.9814831665031107,
            "1sigma": [
                66.4833534261014,
                68.44631975910762
            ],
            "2sigma": [
                65.68186209215804,
                69.23376520480305
            ],
            "3sigma": [
                64.78522370775919,
                70.39481516218103
            ],
            "5sigma": [
                64.31967307945953,
                70.667894224025
            ],
            "q75%": 68.16664999888278,
            "q25%": 66.81313620968689,
            "q99%": 69.46516625066627,
            "q01%": 65.24441283339414,
            "q90%": 68.70855688600932,
            "q10%": 66.23814340956822
        }
    ]
}