,Median,1 sigma low,1 sigma high,2 sigma low,2 sigma high,1sigma error low,1sigma error high,Profile
0,0.00046331155819442135,0.00038669515933962813,0.0005637930143919777,0.00031781813933799805,0.0006682022137481112,7.661639885479321e-05,0.00010048145619755632,K97_23_10_1
