,dpdt,T,Kd,MI_radius,Profile
0,0.00046331155819442135,1209.4898318740259,0.0008954477285771357,60.9899947045221,K97_23_10_1
