{
    "modes": [],
    "nested sampling global log-evidence": -3.974592716424586,
    "nested sampling global log-evidence error": 0.0926017027345668,
    "global evidence": -3.974592716424586,
    "global evidence error": 0.0926017027345668,
    "marginals": [
        {
            "median": 0.00046331155819442135,
            "sigma": 8.854892752617477e-05,
            "1sigma": [
                0.00038669515933962813,
                0.0005637930143919777
            ],
            "2sigma": [
                0.00031781813933799805,
                0.0006682022137481112
            ],
            "3sigma": [
                0.00026331706877147327,
                0.000863283996895212
            ],
            "5sigma": [
                0.0001741141155889212,
                0.0011336813628542248
            ],
            "q75%": 0.0005288046677030669,
            "q25%": 0.00041033832220181915,
            "q99%": 0.0007342984090463172,
            "q01%": 0.00029216872182509057,
            "q90%": 0.0005884784338251818,
            "q10%": 0.0003683822343932231
        },
        {
            "median": 1209.4898318740259,
            "sigma": 13.12221145254,
            "1sigma": [
                1196.3138397706693,
                1222.5582626757493
            ],
            "2sigma": [
                1184.6750963492655,
                1233.7791428307423
            ],
            "3sigma": [
                1171.1308047350262,
                1243.1490490685007
            ],
            "5sigma": [
                1169.6357878752065,
                1247.7889111687389
            ],
            "q75%": 1218.8769493797672,
            "q25%": 1200.461242370535,
            "q99%": 1237.5623056167476,
            "q01%": 1179.2600363466263,
            "q90%": 1226.5680115851621,
            "q10%": 1193.5145288528856
        },
        {
            "median": 0.0008954477285771357,
            "sigma": 9.665452695011023e-05,
            "1sigma": [
                0.0007929154149991593,
                0.0009862244688993798
            ],
            "2sigma": [
                0.0007199479174613821,
                0.0010732497650212827
            ],
            "3sigma": [
                0.0006240284067079549,
                0.0011459264018038597
            ],
            "5sigma": [
                0.0005854671038672833,
                0.0012234710456231345
            ],
            "q75%": 0.000959076987848077,
            "q25%": 0.0008276820044192143,
            "q99%": 0.0011111812676427898,
            "q01%": 0.0006965596591271346,
            "q90%": 0.0010081057309381863,
            "q10%": 0.0007688061886853116
        },
        {
            "median": 60.9899947045221,
            "sigma": 0.9291404108007484,
            "1sigma": [
                60.06840963267785,
                61.926690454279345
            ],
            "2sigma": [
                59.190812494933354,
                62.811045968679366
            ],
            "3sigma": [
                58.57528224039024,
                63.66808101454962
            ],
            "5sigma": [
                57.788782994315284,
                64.02450377033288
            ],
            "q75%": 61.62687519769916,
            "q25%": 60.35721665295928,
            "q99%": 63.06015096527321,
            "q01%": 59.000459533569405,
            "q90%": 62.18563302208504,
            "q10%": 59.856328800051635
        }
    ]
}