,dpdt,T,Kd,MI_radius,Profile
0,8.240672155675027e-05,1209.862599862547,0.0009030859728252112,99.21107292867053,K97_23_5_1
