,Median,1 sigma low,1 sigma high,2 sigma low,2 sigma high,1sigma error low,1sigma error high,Profile
0,8.240672155675027e-05,6.683313220048155e-05,0.00010131025865892795,5.600735033303649e-05,0.00012512838015046976,1.5573589356268725e-05,1.890353710217768e-05,K97_23_5_1
