{
    "modes": [],
    "nested sampling global log-evidence": -3.8926289636448654,
    "nested sampling global log-evidence error": 0.09218275435670419,
    "global evidence": -3.8926289636448654,
    "global evidence error": 0.09218275435670419,
    "marginals": [
        {
            "median": 8.240672155675027e-05,
            "sigma": 1.7238563229223202e-05,
            "1sigma": [
                6.683313220048155e-05,
                0.00010131025865892795
            ],
            "2sigma": [
                5.600735033303649e-05,
                0.00012512838015046976
            ],
            "3sigma": [
                4.5145109369484276e-05,
                0.0001625312266186262
            ],
            "5sigma": [
                3.525342389831892e-05,
                0.0002879489889830837
            ],
            "q75%": 9.48903396066187e-05,
            "q25%": 7.073870374378895e-05,
            "q99%": 0.00013653299037313726,
            "q01%": 5.132374964184921e-05,
            "q90%": 0.00010942473065722167,
            "q10%": 6.368146198395028e-05
        },
        {
            "median": 1209.862599862547,
            "sigma": 12.219847120329405,
            "1sigma": [
                1197.8834228068172,
                1222.323117047476
            ],
            "2sigma": [
                1186.9423003294155,
                1231.7141455879066
            ],
            "3sigma": [
                1163.9995478539754,
                1244.4816751523115
            ],
            "5sigma": [
                1163.366551142356,
                1252.5165312207198
            ],
            "q75%": 1218.666254241488,
            "q25%": 1201.1696063318786,
            "q99%": 1235.4771410047842,
            "q01%": 1183.1597278382785,
            "q90%": 1225.9014961891214,
            "q10%": 1194.1435216443615
        },
        {
            "median": 0.0009030859728252112,
            "sigma": 8.303018183462727e-05,
            "1sigma": [
                0.000820632714341674,
                0.0009866930780109285
            ],
            "2sigma": [
                0.0007402503435770632,
                0.0010536644021276879
            ],
            "3sigma": [
                0.0006531949439797925,
                0.0011320468720536787
            ],
            "5sigma": [
                0.000584062486882484,
                0.0012061539403165353
            ],
            "q75%": 0.0009616837931176506,
            "q25%": 0.0008475281742414555,
            "q99%": 0.0010731393215164318,
            "q01%": 0.000700791845774366,
            "q90%": 0.0010015481201043305,
            "q10%": 0.0007936201354782905
        },
        {
            "median": 99.21107292867053,
            "sigma": 0.988857253916315,
            "1sigma": [
                98.13560808921966,
                100.11332259705229
            ],
            "2sigma": [
                97.30746492079346,
                100.98918902002141
            ],
            "3sigma": [
                95.78306010338997,
                101.83661898447308
            ],
            "5sigma": [
                95.51230513521216,
                102.21822752253728
            ],
            "q75%": 99.82722875868767,
            "q25%": 98.4573127109021,
            "q99%": 101.20667037519583,
            "q01%": 96.88132752936325,
            "q90%": 100.38334475934303,
            "q10%": 97.88695324030924
        }
    ]
}