,dpdt,T,Kd,MI_radius,Profile
0,4.522770814197213e-05,1212.1176888175967,0.0008967584103843201,120.0237499676106,SW_7_10_1
