{
    "modes": [],
    "nested sampling global log-evidence": -4.176532792208283,
    "nested sampling global log-evidence error": 0.09618852328450692,
    "global evidence": -4.176532792208283,
    "global evidence error": 0.09618852328450692,
    "marginals": [
        {
            "median": 4.522770814197213e-05,
            "sigma": 7.5721603760556005e-06,
            "1sigma": [
                3.799349675085511e-05,
                5.313781750296631e-05
            ],
            "2sigma": [
                3.239284656972592e-05,
                6.188614645562533e-05
            ],
            "3sigma": [
                2.6933742172625925e-05,
                7.375882098005628e-05
            ],
            "5sigma": [
                2.299650884277476e-05,
                9.911959179305523e-05
            ],
            "q75%": 5.0158622981961865e-05,
            "q25%": 4.035653914029743e-05,
            "q99%": 6.478765708574206e-05,
            "q01%": 3.088263624797886e-05,
            "q90%": 5.542515898478903e-05,
            "q10%": 3.615960707145193e-05
        },
        {
            "median": 1212.1176888175967,
            "sigma": 11.781688886964957,
            "1sigma": [
                1200.0810104004086,
                1223.6443881743385
            ],
            "2sigma": [
                1190.833084713869,
                1235.4220519400724
            ],
            "3sigma": [
                1177.4584911142397,
                1244.3421456199496
            ],
            "5sigma": [
                1169.7455516971734,
                1250.4572925523746
            ],
            "q75%": 1220.125271327257,
            "q25%": 1204.0656567146798,
            "q99%": 1240.6510162804545,
            "q01%": 1186.4371823789238,
            "q90%": 1226.4902411284154,
            "q10%": 1197.1458020827424
        },
        {
            "median": 0.0008967584103843201,
            "sigma": 9.286425690384435e-05,
            "1sigma": [
                0.0008035140638653134,
                0.000989242577673002
            ],
            "2sigma": [
                0.0007144490501434556,
                0.0010757471328051132
            ],
            "3sigma": [
                0.0006142723817286195,
                0.0011842387453252505
            ],
            "5sigma": [
                0.000594660244634592,
                0.001251783873700555
            ],
            "q75%": 0.0009604374022150506,
            "q25%": 0.0008354134120132158,
            "q99%": 0.0011174994259575816,
            "q01%": 0.0006714297190553337,
            "q90%": 0.0010089922660189864,
            "q10%": 0.0007789428451764366
        },
        {
            "median": 120.0237499676106,
            "sigma": 0.9558169778815895,
            "1sigma": [
                119.12770855802998,
                121.03934251379316
            ],
            "2sigma": [
                118.24056937956658,
                121.90949597350804
            ],
            "3sigma": [
                117.33605316923054,
                122.964004248947
            ],
            "5sigma": [
                117.1203539967074,
                123.47975241232584
            ],
            "q75%": 120.71184108094424,
            "q25%": 119.39230520131245,
            "q99%": 122.23232175888803,
            "q01%": 117.98459151900275,
            "q90%": 121.30262314011524,
            "q10%": 118.88123798174196
        }
    ]
}