,Median,1 sigma low,1 sigma high,2 sigma low,2 sigma high,1sigma error low,1sigma error high,Profile
0,0.0006428611810449213,0.0005024602485690163,0.0008433739690469763,0.00039696617162735405,0.0010895885105872067,0.00014040093247590503,0.0002005127880020549,K97_23_17_1
