,dpdt,T,Kd,MI_radius,Profile
0,0.0006428611810449213,1208.9185858671012,0.0008928976720513149,90.0360212169914,K97_23_17_1
