{
    "modes": [],
    "nested sampling global log-evidence": -3.393325871977591,
    "nested sampling global log-evidence error": 0.08522639571890839,
    "global evidence": -3.393325871977591,
    "global evidence error": 0.08522639571890839,
    "marginals": [
        {
            "median": 0.0006428611810449213,
            "sigma": 0.00017045686023897997,
            "1sigma": [
                0.0005024602485690163,
                0.0008433739690469763
            ],
            "2sigma": [
                0.00039696617162735405,
                0.0010895885105872067
            ],
            "3sigma": [
                0.00032705829463029637,
                0.0014504555743938788
            ],
            "5sigma": [
                0.00023528225531495173,
                0.004437727281995149
            ],
            "q75%": 0.0007753686097303102,
            "q25%": 0.0005448229573705899,
            "q99%": 0.0012489037957489106,
            "q01%": 0.00035526920715923726,
            "q90%": 0.0008968285486199796,
            "q10%": 0.0004668501199110568
        },
        {
            "median": 1208.9185858671012,
            "sigma": 12.623749233124272,
            "1sigma": [
                1196.219242470109,
                1221.4667409363576
            ],
            "2sigma": [
                1184.49309572622,
                1233.2762131810198
            ],
            "3sigma": [
                1174.7138756433537,
                1246.4162682359254
            ],
            "5sigma": [
                1163.1776633064787,
                1252.4044939515509
            ],
            "q75%": 1217.8229379757224,
            "q25%": 1200.5086476004979,
            "q99%": 1236.1809641137945,
            "q01%": 1180.4849225279322,
            "q90%": 1224.5853252885743,
            "q10%": 1193.301847590041
        },
        {
            "median": 0.0008928976720513149,
            "sigma": 9.187940627990794e-05,
            "1sigma": [
                0.0008002977099260333,
                0.0009840565224858492
            ],
            "2sigma": [
                0.0007160323570143157,
                0.0010765066179964967
            ],
            "3sigma": [
                0.0006417546561634107,
                0.0011693530847184273
            ],
            "5sigma": [
                0.00046255392682518804,
                0.0011886056665343166
            ],
            "q75%": 0.0009530182118070346,
            "q25%": 0.0008278607355600056,
            "q99%": 0.0011047777895500785,
            "q01%": 0.0006749719524194921,
            "q90%": 0.0010067291166130496,
            "q10%": 0.0007736086196580318
        },
        {
            "median": 90.0360212169914,
            "sigma": 0.9239494087460258,
            "1sigma": [
                89.10441986259018,
                90.95231868008223
            ],
            "2sigma": [
                88.1012953546113,
                91.89743889644379
            ],
            "3sigma": [
                86.97034948349454,
                92.76253612337122
            ],
            "5sigma": [
                86.05333431668768,
                93.14403271964063
            ],
            "q75%": 90.63842403726042,
            "q25%": 89.3945357547353,
            "q99%": 92.17578306130439,
            "q01%": 87.73720879576138,
            "q90%": 91.22434575545512,
            "q10%": 88.80481626411385
        }
    ]
}