,Median,1 sigma low,1 sigma high,2 sigma low,2 sigma high,1sigma error low,1sigma error high,Profile
0,0.0016741033105376793,0.001341382071307827,0.0021809412344278626,0.0010558963134832259,0.0027049315475908865,0.0003327212392298523,0.0005068379238901833,K97_23_17_1
