,dpdt,T,Kd,MI_radius,Profile
0,0.0016741033105376793,1209.4978751996323,0.0008940418083607202,89.87381774998919,K97_23_17_1
