{
    "modes": [],
    "nested sampling global log-evidence": -3.4013144448484156,
    "nested sampling global log-evidence error": 0.08550754090498655,
    "global evidence": -3.4013144448484156,
    "global evidence error": 0.08550754090498655,
    "marginals": [
        {
            "median": 0.0016741033105376793,
            "sigma": 0.0004197795815600178,
            "1sigma": [
                0.001341382071307827,
                0.0021809412344278626
            ],
            "2sigma": [
                0.0010558963134832259,
                0.0027049315475908865
            ],
            "3sigma": [
                0.0008418166219454144,
                0.004029330139623206
            ],
            "5sigma": [
                0.0005227389407238979,
                0.011146050183725456
            ],
            "q75%": 0.0020075881199119626,
            "q25%": 0.0014306971170132848,
            "q99%": 0.003070079721823677,
            "q01%": 0.0009624146113104904,
            "q90%": 0.002308937336506874,
            "q10%": 0.0012420423584524462
        },
        {
            "median": 1209.4978751996323,
            "sigma": 11.778651800880652,
            "1sigma": [
                1197.7960239874294,
                1221.3533275891907
            ],
            "2sigma": [
                1185.5454832071823,
                1232.3929356989115
            ],
            "3sigma": [
                1168.813079708422,
                1242.833926208365
            ],
            "5sigma": [
                1168.6524379651132,
                1243.675514711574
            ],
            "q75%": 1217.1869230244165,
            "q25%": 1201.5092472242115,
            "q99%": 1237.0603159196962,
            "q01%": 1181.4924140270468,
            "q90%": 1225.17012693054,
            "q10%": 1193.7197691054348
        },
        {
            "median": 0.0008940418083607202,
            "sigma": 9.974260795007548e-05,
            "1sigma": [
                0.000792256984263377,
                0.000991742200163528
            ],
            "2sigma": [
                0.0007099972893853918,
                0.0010797819016137866
            ],
            "3sigma": [
                0.0005719119550327947,
                0.0012004142111028506
            ],
            "5sigma": [
                0.0005651736081140196,
                0.0012279166308407342
            ],
            "q75%": 0.0009685485265009003,
            "q25%": 0.0008244417987358891,
            "q99%": 0.0011076576548732999,
            "q01%": 0.0006472474559617596,
            "q90%": 0.0010193521574415184,
            "q10%": 0.0007709965805480305
        },
        {
            "median": 89.87381774998919,
            "sigma": 0.9311147265847239,
            "1sigma": [
                88.98458299635772,
                90.84681244952716
            ],
            "2sigma": [
                88.01774051657144,
                91.88360064463785
            ],
            "3sigma": [
                87.08244448732677,
                92.76488030301775
            ],
            "5sigma": [
                86.98394767087282,
                92.89100154894388
            ],
            "q75%": 90.5336431348961,
            "q25%": 89.28160920989448,
            "q99%": 92.30600869610032,
            "q01%": 87.73209589847563,
            "q90%": 91.08434863102002,
            "q10%": 88.70431338975156
        }
    ]
}