,dpdt,T,Kd,MI_radius,Profile
0,0.001643607522499211,1210.5477977112525,0.0008949198715642654,49.94641750888861,K97_23_8_1
