{
    "modes": [],
    "nested sampling global log-evidence": -4.342170346514583,
    "nested sampling global log-evidence error": 0.09809839274043981,
    "global evidence": -4.342170346514583,
    "global evidence error": 0.09809839274043981,
    "marginals": [
        {
            "median": 0.001643607522499211,
            "sigma": 0.0002741205795634401,
            "1sigma": [
                0.001381028478856084,
                0.0019292696379829642
            ],
            "2sigma": [
                0.0011581978590033558,
                0.0022238946366440844
            ],
            "3sigma": [
                0.0009499471240548453,
                0.002542774037416289
            ],
            "5sigma": [
                0.000814356549138641,
                0.0031478877229455153
            ],
            "q75%": 0.0018404706987984857,
            "q25%": 0.0014540053356406955,
            "q99%": 0.002314808223384894,
            "q01%": 0.0010820704123998045,
            "q90%": 0.002013475027463656,
            "q10%": 0.0013057331182232891
        },
        {
            "median": 1210.5477977112525,
            "sigma": 12.255271291342638,
            "1sigma": [
                1197.468453019663,
                1221.9789956023483
            ],
            "2sigma": [
                1186.5138494678376,
                1232.3178477764388
            ],
            "3sigma": [
                1170.8225768054294,
                1244.5795417970958
            ],
            "5sigma": [
                1165.2513480966923,
                1248.9780386797966
            ],
            "q75%": 1218.4051450914944,
            "q25%": 1201.9518605863962,
            "q99%": 1238.1644492455562,
            "q01%": 1179.4584802951808,
            "q90%": 1224.8347216242835,
            "q10%": 1194.1768971204908
        },
        {
            "median": 0.0008949198715642654,
            "sigma": 9.253515671658533e-05,
            "1sigma": [
                0.0008062647247505929,
                0.0009913350381837635
            ],
            "2sigma": [
                0.0007278127684693724,
                0.0010858190207458512
            ],
            "3sigma": [
                0.0005382936709187494,
                0.0011950546318352864
            ],
            "5sigma": [
                0.000501649316237245,
                0.001196238221964249
            ],
            "q75%": 0.0009609215197167205,
            "q25%": 0.0008344413596811835,
            "q99%": 0.0011256388642152657,
            "q01%": 0.0007018719662023976,
            "q90%": 0.0010186660386575755,
            "q10%": 0.0007836680122593116
        },
        {
            "median": 49.94641750888861,
            "sigma": 1.0083912089648592,
            "1sigma": [
                49.02441776027028,
                51.0412001782
            ],
            "2sigma": [
                48.13333669815078,
                51.810910182710714
            ],
            "3sigma": [
                47.25034503874586,
                52.67075923619792
            ],
            "5sigma": [
                47.121443707111986,
                53.07961300509928
            ],
            "q75%": 50.73914900704143,
            "q25%": 49.30744516535239,
            "q99%": 52.22278147976543,
            "q01%": 47.89552693625273,
            "q90%": 51.289969801396325,
            "q10%": 48.786833469055225
        }
    ]
}