{
    "modes": [],
    "nested sampling global log-evidence": -13.390237004320756,
    "nested sampling global log-evidence error": 0.10554048866953002,
    "global evidence": -13.390237004320756,
    "global evidence error": 0.10554048866953002,
    "marginals": [
        {
            "median": 3.4107197300202303,
            "sigma": 1.3817296213907875,
            "1sigma": [
                2.2591939505025933,
                5.022653193284168
            ],
            "2sigma": [
                1.4042102438494064,
                7.150245306262995
            ],
            "3sigma": [
                0.8432046875992916,
                9.310503406099155
            ],
            "5sigma": [
                0.3915222776707453,
                9.86993693750982
            ],
            "q75%": 4.402202792788044,
            "q25%": 2.580646124250157,
            "q99%": 7.865187148692836,
            "q01%": 1.1475162361833877,
            "q90%": 5.624220567802262,
            "q10%": 2.0024457901786787
        },
        {
            "median": 1210.4561880539536,
            "sigma": 12.13528721327691,
            "1sigma": [
                1198.3620131044665,
                1222.6325875310204
            ],
            "2sigma": [
                1184.341890954688,
                1234.629013926486
            ],
            "3sigma": [
                1164.1624746949515,
                1248.8405190217927
            ],
            "5sigma": [
                1161.1245850219966,
                1253.2274635037559
            ],
            "q75%": 1218.6104922289153,
            "q25%": 1202.2522739192439,
            "q99%": 1240.6290756998173,
            "q01%": 1177.782056419024,
            "q90%": 1226.6097682380837,
            "q10%": 1194.1588817248792
        },
        {
            "median": -18.349725935191742,
            "sigma": 0.4279208439526929,
            "1sigma": [
                -18.766850767408744,
                -17.91100907950336
            ],
            "2sigma": [
                -19.178071784333767,
                -17.45828636199128
            ],
            "3sigma": [
                -19.66654901480531,
                -16.990813608727283
            ],
            "5sigma": [
                -19.72456031388429,
                -16.95046153654996
            ],
            "q75%": -18.06391033538482,
            "q25%": -18.60884320765832,
            "q99%": -17.308136762159894,
            "q01%": -19.38765494516793,
            "q90%": -17.794651545267854,
            "q10%": -18.89961638926505
        },
        {
            "median": 0.7470256994557416,
            "sigma": 0.08558272606923634,
            "1sigma": [
                0.6632559499099859,
                0.8344214020484586
            ],
            "2sigma": [
                0.5740017554161494,
                0.9207662751013964
            ],
            "3sigma": [
                0.4416757796348455,
                1.017537037581061
            ],
            "5sigma": [
                0.38489512533289844,
                1.0449570489248283
            ],
            "q75%": 0.8036633032103776,
            "q25%": 0.6907138512336634,
            "q99%": 0.9672015993569536,
            "q01%": 0.5318122587887777,
            "q90%": 0.8576654244730011,
            "q10%": 0.6426216958413815
        },
        {
            "median": 0.8594922143730657,
            "sigma": 0.0002753633754511431,
            "1sigma": [
                0.859199730500998,
                0.8597504572519002
            ],
            "2sigma": [
                0.8589163465449688,
                0.8599396135155789
            ],
            "3sigma": [
                0.8585682607529844,
                0.859996279588865
            ],
            "5sigma": [
                0.8580275862006025,
                0.8599993428192062
            ],
            "q75%": 0.8596730843934128,
            "q25%": 0.8593037742397454,
            "q99%": 0.8599708064897347,
            "q01%": 0.8588072050680096,
            "q90%": 0.8598196817472195,
            "q10%": 0.8591189820499346
        },
        {
            "median": 0.866440007759388,
            "sigma": 8.81793591282487e-05,
            "1sigma": [
                0.8663580783760502,
                0.8665344370943067
            ],
            "2sigma": [
                0.8662683328511742,
                0.8666153845752702
            ],
            "3sigma": [
                0.8661735909640237,
                0.8667306206365889
            ],
            "5sigma": [
                0.8660038579569987,
                0.8669245634240564
            ],
            "q75%": 0.8665014488263167,
            "q25%": 0.8663838633182344,
            "q99%": 0.8666480008354575,
            "q01%": 0.8662412006022341,
            "q90%": 0.8665597369771049,
            "q10%": 0.8663305319366166
        },
        {
            "median": 4.454275417364708,
            "sigma": 2.172908001680531,
            "1sigma": [
                2.1016392445916754,
                6.447455247952737
            ],
            "2sigma": [
                0.5854209835578995,
                7.7735306022821495
            ],
            "3sigma": [
                0.11455535158608082,
                8.635381105840137
            ],
            "5sigma": [
                0.10637357259836558,
                10.117655465267736
            ],
            "q75%": 5.902022298089949,
            "q25%": 2.7063701612916335,
            "q99%": 8.182396132479846,
            "q01%": 0.312159640158093,
            "q90%": 6.926592185102359,
            "q10%": 1.5716747942132452
        },
        {
            "median": -6.820325808662161,
            "sigma": 0.7221977420753953,
            "1sigma": [
                -7.518810582146293,
                -6.0744150979955025
            ],
            "2sigma": [
                -8.192583194651228,
                -5.308485857181455
            ],
            "3sigma": [
                -8.885956162241953,
                -4.24043237194687
            ],
            "5sigma": [
                -9.094295044330647,
                -4.051668556794655
            ],
            "q75%": -6.327569119913384,
            "q25%": -7.266749385122501,
            "q99%": -4.987621327946735,
            "q01%": -8.460384758494188,
            "q90%": -5.8752399630549075,
            "q10%": -7.700376593969914
        },
        {
            "median": 0.22402188391531314,
            "sigma": 0.025830546810119565,
            "1sigma": [
                0.19841447064176404,
                0.25007556426200317
            ],
            "2sigma": [
                0.1726090055489988,
                0.2759302950413532
            ],
            "3sigma": [
                0.13910966544784412,
                0.30091128531013617
            ],
            "5sigma": [
                0.1347821156178251,
                0.32051596203640864
            ],
            "q75%": 0.24151029487849654,
            "q25%": 0.2062238950786774,
            "q99%": 0.2829227673684005,
            "q01%": 0.16230955339826392,
            "q90%": 0.2576466932840242,
            "q10%": 0.1913833051980219
        },
        {
            "median": -7.14951047135414,
            "sigma": 0.29011375033621967,
            "1sigma": [
                -7.441905037291674,
                -6.861677536619235
            ],
            "2sigma": [
                -7.746698792618076,
                -6.573994544422562
            ],
            "3sigma": [
                -8.184270759189642,
                -6.3092574748302335
            ],
            "5sigma": [
                -8.192628483660052,
                -6.223926462519082
            ],
            "q75%": -6.967403892990924,
            "q25%": -7.3456826991422215,
            "q99%": -6.460012926437536,