,dpdt,T,Kd,MI_radius,Profile
0,0.00017371364571585422,1210.223651688185,0.0009053763095282492,72.4320889748153,SW_7_8_1
