{
    "modes": [],
    "nested sampling global log-evidence": -3.9648366266786192,
    "nested sampling global log-evidence error": 0.09384187903014006,
    "global evidence": -3.9648366266786192,
    "global evidence error": 0.09384187903014006,
    "marginals": [
        {
            "median": 0.00017371364571585422,
            "sigma": 3.159149438997686e-05,
            "1sigma": [
                0.00014433011376707033,
                0.00020751310254702406
            ],
            "2sigma": [
                0.00012322607412963913,
                0.00023987727935408497
            ],
            "3sigma": [
                0.00010043245193843128,
                0.0002872293287283816
            ],
            "5sigma": [
                7.97058951821715e-05,
                0.0004094299644261014
            ],
            "q75%": 0.00019721712556039028,
            "q25%": 0.0001527291226389577,
            "q99%": 0.0002528457207128692,
            "q01%": 0.00011125311776503992,
            "q90%": 0.00021743224696813335,
            "q10%": 0.00013683526978160897
        },
        {
            "median": 1210.223651688185,
            "sigma": 11.760598014048583,
            "1sigma": [
                1198.4394249562574,
                1221.9606209843546
            ],
            "2sigma": [
                1186.0587981620067,
                1232.8852971021674
            ],
            "3sigma": [
                1173.6432044941705,
                1246.3617868815845
            ],
            "5sigma": [
                1162.887940608305,
                1251.1936741046586
            ],
            "q75%": 1218.0990962708279,
            "q25%": 1202.270381564079,
            "q99%": 1236.5518712270484,
            "q01%": 1179.9429546970064,
            "q90%": 1225.677146160804,
            "q10%": 1195.6939151017175
        },
        {
            "median": 0.0009053763095282492,
            "sigma": 9.09333565265545e-05,
            "1sigma": [
                0.0008106573751939069,
                0.0009925240882470159
            ],
            "2sigma": [
                0.0007418928725040475,
                0.001074060481854511
            ],
            "3sigma": [
                0.0006728626222641999,
                0.0011648250557469617
            ],
            "5sigma": [
                0.0006609982004770032,
                0.0012247210974298582
            ],
            "q75%": 0.0009668288546224648,
            "q25%": 0.0008389742836225851,
            "q99%": 0.0011007529789806745,
            "q01%": 0.000715126789281924,
            "q90%": 0.0010219103339427894,
            "q10%": 0.0007899853604676295
        },
        {
            "median": 72.4320889748153,
            "sigma": 0.9773725488430003,
            "1sigma": [
                71.48223264982627,
                73.43697774751227
            ],
            "2sigma": [
                70.69622879122942,
                74.28044749968674
            ],
            "3sigma": [
                69.98306800806401,
                75.47871188769322
            ],
            "5sigma": [
                69.43678129487846,
                75.60864434099281
            ],
            "q75%": 73.10612619381537,
            "q25%": 71.77346960722413,
            "q99%": 74.74226720859927,
            "q01%": 70.37142345630105,
            "q90%": 73.70807219107245,
            "q10%": 71.24920619850319
        }
    ]
}