,dpdt,T,Kd,MI_radius,Profile
0,0.004099034860421426,1213.906729884085,0.0009030498824812295,75.10488040756645,SW_7_4_1
