,Median,1 sigma low,1 sigma high,2 sigma low,2 sigma high,1sigma error low,1sigma error high,Profile
0,0.004099034860421426,0.0031418166353721325,0.00572551223345478,0.0024951828813106975,0.008374589008426055,0.0009572182250492931,0.0016264773730333545,SW_7_4_1
