{
    "modes": [],
    "nested sampling global log-evidence": -3.1024547273378067,
    "nested sampling global log-evidence error": 0.08073564796937208,
    "global evidence": -3.1024547273378067,
    "global evidence error": 0.08073564796937208,
    "marginals": [
        {
            "median": 0.004099034860421426,
            "sigma": 0.0012918477990413238,
            "1sigma": [
                0.0031418166353721325,
                0.00572551223345478
            ],
            "2sigma": [
                0.0024951828813106975,
                0.008374589008426055
            ],
            "3sigma": [
                0.0018414944139921805,
                0.017831699255799804
            ],
            "5sigma": [
                0.0009640925597469008,
                9.86494928573084
            ],
            "q75%": 0.005225786846854025,
            "q25%": 0.0033749171554613515,
            "q99%": 0.010620349182983907,
            "q01%": 0.002272755928905491,
            "q90%": 0.006453985676245521,
            "q10%": 0.00294860168213386
        },
        {
            "median": 1213.906729884085,
            "sigma": 12.476518253955192,
            "1sigma": [
                1200.17300841074,
                1225.1260449186505
            ],
            "2sigma": [
                1189.409072041333,
                1235.8758661870472
            ],
            "3sigma": [
                1178.5303975097584,
                1244.7921523374425
            ],
            "5sigma": [
                1160.2042111210858,
                1247.6778620419784
            ],
            "q75%": 1221.2480473775474,
            "q25%": 1204.50257371289,
            "q99%": 1241.2882546596334,
            "q01%": 1186.4053138117433,
            "q90%": 1228.4817239376855,
            "q10%": 1196.8109892468033
        },
        {
            "median": 0.0009030498824812295,
            "sigma": 9.539639055381106e-05,
            "1sigma": [
                0.000805382911524375,
                0.000996175692631997
            ],
            "2sigma": [
                0.000718291455598567,
                0.001090704492349243
            ],
            "3sigma": [
                0.0006418369045263625,
                0.0011997472073012143
            ],
            "5sigma": [
                0.0005606187277234602,
                0.0012346363179654204
            ],
            "q75%": 0.0009704346070117477,
            "q25%": 0.0008398790166162658,
            "q99%": 0.0011465779323354892,
            "q01%": 0.0007006033055380388,
            "q90%": 0.0010261521113222557,
            "q10%": 0.0007805820931979014
        },
        {
            "median": 75.10488040756645,
            "sigma": 1.0071615967091176,
            "1sigma": [
                74.03830168306256,
                76.05262487648079
            ],
            "2sigma": [
                72.98397476767944,
                76.86385951128273
            ],
            "3sigma": [
                72.3065780317167,
                78.30573574682892
            ],
            "5sigma": [
                72.2245223934649,
                78.57654280730414
            ],
            "q75%": 75.73863102414639,
            "q25%": 74.38889098363782,
            "q99%": 77.31576175869742,
            "q01%": 72.7689397783059,
            "q90%": 76.27801182043183,
            "q10%": 73.762206905402
        }
    ]
}