,dpdt,T,Kd,MI_radius,Profile
0,0.0008529801878387857,1209.9922692067423,0.0008982064277913192,42.76830712288278,SW_7_6_1
