{
    "modes": [],
    "nested sampling global log-evidence": -4.2188946371848175,
    "nested sampling global log-evidence error": 0.09675294573266403,
    "global evidence": -4.2188946371848175,
    "global evidence error": 0.09675294573266403,
    "marginals": [
        {
            "median": 0.0008529801878387857,
            "sigma": 0.00044023554209943595,
            "1sigma": [
                0.000551302016029446,
                0.001431773100228318
            ],
            "2sigma": [
                0.0003781204703719938,
                0.0024708219998689405
            ],
            "3sigma": [
                0.00030489334147529014,
                0.003668810449953345
            ],
            "5sigma": [
                0.0002103756057246735,
                0.010771767348261423
            ],
            "q75%": 0.0011895217125193185,
            "q25%": 0.0006354299361940099,
            "q99%": 0.0027134842144440345,
            "q01%": 0.000338583512885525,
            "q90%": 0.0017229026883927422,
            "q10%": 0.0004903431254602729
        },
        {
            "median": 1209.9922692067423,
            "sigma": 12.244377689381054,
            "1sigma": [
                1198.073916634575,
                1222.562672013337
            ],
            "2sigma": [
                1187.5672137483489,
                1233.4971265050392
            ],
            "3sigma": [
                1173.2439845489325,
                1248.4326243527091
            ],
            "5sigma": [
                1169.848103008011,
                1250.3170748878085
            ],
            "q75%": 1218.78984306906,
            "q25%": 1201.5560706036395,
            "q99%": 1237.579625601874,
            "q01%": 1183.0503345439354,
            "q90%": 1225.701111511558,
            "q10%": 1194.9773034083564
        },
        {
            "median": 0.0008982064277913192,
            "sigma": 9.857722873157494e-05,
            "1sigma": [
                0.0008007457919931362,
                0.000997900249456286
            ],
            "2sigma": [
                0.0007292214476646986,
                0.0010741297986424953
            ],
            "3sigma": [
                0.0006402263146195237,
                0.0011762771533093963
            ],
            "5sigma": [
                0.0005854286539004575,
                0.0012339080216579735
            ],
            "q75%": 0.0009680536740913665,
            "q25%": 0.0008300324726132687,
            "q99%": 0.0011081801683265277,
            "q01%": 0.0006999599959434016,
            "q90%": 0.0010235519155039163,
            "q10%": 0.0007808722282924274
        },
        {
            "median": 42.76830712288278,
            "sigma": 9.160563828550607,
            "1sigma": [
                33.3366539352081,
                51.65778159230931
            ],
            "2sigma": [
                25.58012240631446,
                59.962320457783214
            ],
            "3sigma": [
                20.132491365704254,
                69.17169611435601
            ],
            "5sigma": [
                6.474479727535209,
                75.7267780978133
            ],
            "q75%": 49.15570091958653,
            "q25%": 36.447770236647436,
            "q99%": 62.9936969269454,
            "q01%": 23.715897443044565,
            "q90%": 54.08261763828765,
            "q10%": 31.10318279090252
        }
    ]
}