,Median,1 sigma low,1 sigma high,2 sigma low,2 sigma high,1sigma error low,1sigma error high,Profile
0,0.0014269210088177836,0.001177986585109976,0.0017727029844358366,0.000976753319520367,0.0021301543993115174,0.00024893442370780747,0.000345781975618053,SW_7_6_1
