,dpdt,T,Kd,MI_radius,Profile
0,0.0014269210088177836,1209.945582190686,0.0009009544569073243,42.5731241719161,SW_7_6_1
