{
    "modes": [],
    "nested sampling global log-evidence": -3.7402866476313616,
    "nested sampling global log-evidence error": 0.09062263016417785,
    "global evidence": -3.7402866476313616,
    "global evidence error": 0.09062263016417785,
    "marginals": [
        {
            "median": 0.0014269210088177836,
            "sigma": 0.00029735819966293024,
            "1sigma": [
                0.001177986585109976,
                0.0017727029844358366
            ],
            "2sigma": [
                0.000976753319520367,
                0.0021301543993115174
            ],
            "3sigma": [
                0.000798054011609258,
                0.0026220380170964746
            ],
            "5sigma": [
                0.000617765996749575,
                0.003982985078943268
            ],
            "q75%": 0.0016503418831774962,
            "q25%": 0.0012556359170018286,
            "q99%": 0.002276956630525234,
            "q01%": 0.0009307864735122967,
            "q90%": 0.0018898090801340414,
            "q10%": 0.001118392559073546
        },
        {
            "median": 1209.945582190686,
            "sigma": 12.28175923183062,
            "1sigma": [
                1196.7640490007905,
                1221.3275674644517
            ],
            "2sigma": [
                1184.740183590388,
                1232.8272357184312
            ],
            "3sigma": [
                1174.2155121172373,
                1245.6356510804746
            ],
            "5sigma": [
                1172.2487908651976,
                1247.0822267318565
            ],
            "q75%": 1217.983988686416,
            "q25%": 1200.563800727388,
            "q99%": 1237.4233811822323,
            "q01%": 1181.0087167300865,
            "q90%": 1224.4621083375728,
            "q10%": 1193.7679443500685
        },
        {
            "median": 0.0009009544569073243,
            "sigma": 9.733729563781416e-05,
            "1sigma": [
                0.0008058926683559877,
                0.001000567259631616
            ],
            "2sigma": [
                0.0007249504000341615,
                0.0010898540351477277
            ],
            "3sigma": [
                0.0006355998080561976,
                0.00119100359889262
            ],
            "5sigma": [
                0.0006031268556749968,
                0.0012960031723311448
            ],
            "q75%": 0.0009659485891382012,
            "q25%": 0.0008327798290082206,
            "q99%": 0.001132016124187746,
            "q01%": 0.0007023347396168272,
            "q90%": 0.0010264491217099319,
            "q10%": 0.0007808165874991896
        },
        {
            "median": 42.5731241719161,
            "sigma": 0.928440170523821,
            "1sigma": [
                41.598673838920284,
                43.455554179967926
            ],
            "2sigma": [
                40.65143539861841,
                44.355870205209584
            ],
            "3sigma": [
                39.82991528158438,
                45.49148613605362
            ],
            "5sigma": [
                39.61256847257106,
                45.69590203553262
            ],
            "q75%": 43.205020310011065,
            "q25%": 41.909533265194256,
            "q99%": 44.90212965707359,
            "q01%": 40.23490219801269,
            "q90%": 43.741340959511945,
            "q10%": 41.351131595030715
        }
    ]
}