,dpdt,T,Kd,MI_radius,Profile
0,0.1036678432741598,1210.6291420686518,0.0008946950689360199,142.5971873347045,K97_23_16_1
