{
    "modes": [],
    "nested sampling global log-evidence": -0.774408374201578,
    "nested sampling global log-evidence error": 0.039726687996009404,
    "global evidence": -0.774408374201578,
    "global evidence error": 0.039726687996009404,
    "marginals": [
        {
            "median": 0.1036678432741598,
            "sigma": 0.942110824133589,
            "1sigma": [
                0.004330932711610421,
                1.8885525809787884
            ],
            "2sigma": [
                0.0012122768308511919,
                7.337038896816179
            ],
            "3sigma": [
                0.0006677952768832448,
                9.582373360163624
            ],
            "5sigma": [
                0.0003650081759285809,
                9.607627815263651
            ],
            "q75%": 0.8713063064141584,
            "q25%": 0.008618691360556492,
            "q99%": 8.679417730210837,
            "q01%": 0.000954203188664665,
            "q90%": 3.3599179818054354,
            "q10%": 0.002671486396018669
        },
        {
            "median": 1210.6291420686518,
            "sigma": 12.57443279598067,
            "1sigma": [
                1198.1980700030485,
                1223.3469355950099
            ],
            "2sigma": [
                1189.2259118302538,
                1235.2911501541926
            ],
            "3sigma": [
                1176.6801725613263,
                1247.5778407964715
            ],
            "5sigma": [
                1166.5318515877161,
                1257.8154115820143
            ],
            "q75%": 1218.9907764002025,
            "q25%": 1202.174442967841,
            "q99%": 1239.5203956189846,
            "q01%": 1186.3430914064968,
            "q90%": 1227.5960688760783,
            "q10%": 1194.3416377686974
        },
        {
            "median": 0.0008946950689360199,
            "sigma": 9.105460485500167e-05,
            "1sigma": [
                0.0007993996722972292,
                0.0009815088820072325
            ],
            "2sigma": [
                0.0007063955126007192,
                0.0010702017042328964
            ],
            "3sigma": [
                0.0006170881395370555,
                0.0011906321667405208
            ],
            "5sigma": [
                0.0006170881395370555,
                0.0012219141120311538
            ],
            "q75%": 0.000955493458472122,
            "q25%": 0.0008353439878055674,
            "q99%": 0.0011083609751461668,
            "q01%": 0.0006847763267573527,
            "q90%": 0.001010092926358247,
            "q10%": 0.0007731350539171295
        },
        {
            "median": 142.5971873347045,
            "sigma": 1.0158126315079699,
            "1sigma": [
                141.52252196518603,
                143.55414722820197
            ],
            "2sigma": [
                140.60323294020324,
                144.41984105556247
            ],
            "3sigma": [
                139.78746294243786,
                145.11386569821514
            ],
            "5sigma": [
                139.78746294243786,
                145.24242158282567
            ],
            "q75%": 143.30879325219377,
            "q25%": 141.87526271911148,
            "q99%": 144.79358472275126,
            "q01%": 140.13073518213122,
            "q90%": 143.82101863975595,
            "q10%": 141.2215089405232
        }
    ]
}