,dpdt,T,Kd,MI_radius,Profile
0,0.005117405776005025,1209.8696841807052,0.0009149092641216465,115.09988179004256,K97_23_1_1_1
