{
    "modes": [],
    "nested sampling global log-evidence": -2.5516339752575767,
    "nested sampling global log-evidence error": 0.05995392527866593,
    "global evidence": -2.5516339752575767,
    "global evidence error": 0.05995392527866593,
    "marginals": [
        {
            "median": 0.005117405776005025,
            "sigma": 0.02941780942838175,
            "1sigma": [
                0.0027410122552819034,
                0.0615766311120454
            ],
            "2sigma": [
                0.0018158574804761464,
                3.873293314557076
            ],
            "3sigma": [
                0.00114499327655224,
                9.535711680656298
            ],
            "5sigma": [
                0.0006862747894588197,
                9.812111394802248
            ],
            "q75%": 0.017898851404631103,
            "q25%": 0.003181413220253929,
            "q99%": 6.464322650082107,
            "q01%": 0.0015541079831630756,
            "q90%": 0.3068856766387922,
            "q10%": 0.0023359557138754442
        },
        {
            "median": 1209.8696841807052,
            "sigma": 11.37066659305674,
            "1sigma": [
                1198.0649345286054,
                1220.8062677147188
            ],
            "2sigma": [
                1186.6447247528872,
                1233.7936412865934
            ],
            "3sigma": [
                1168.5713451332683,
                1247.4760669935292
            ],
            "5sigma": [
                1160.5869866263513,
                1248.3341671642802
            ],
            "q75%": 1217.5464858227058,
            "q25%": 1201.893678350188,
            "q99%": 1240.4121987559156,
            "q01%": 1181.448297911242,
            "q90%": 1224.0119987195772,
            "q10%": 1194.9524285051693
        },
        {
            "median": 0.0009149092641216465,
            "sigma": 9.715424776196737e-05,
            "1sigma": [
                0.0008119285634726297,
                0.0010062370589965645
            ],
            "2sigma": [
                0.000712899241362536,
                0.0010908264381948943
            ],
            "3sigma": [
                0.0006072799305853056,
                0.0012070433788554478
            ],
            "5sigma": [
                0.0005858350933320233,
                0.0012596766201163406
            ],
            "q75%": 0.0009761470755297255,
            "q25%": 0.0008418492178247267,
            "q99%": 0.0011248415014306317,
            "q01%": 0.0006765402682976252,
            "q90%": 0.001033080208385314,
            "q10%": 0.0007778090004895387
        },
        {
            "median": 115.09988179004256,
            "sigma": 0.965659410813501,
            "1sigma": [
                114.09676154061013,
                116.02808036223713
            ],
            "2sigma": [
                113.11973898383593,
                116.90425361090922
            ],
            "3sigma": [
                111.72975940403148,
                117.85180347983194
            ],
            "5sigma": [
                111.52585328643103,
                118.39247289225897
            ],
            "q75%": 115.73937881479799,
            "q25%": 114.41876154684482,
            "q99%": 117.23025828136882,
            "q01%": 112.66214030380694,
            "q90%": 116.2444115797379,
            "q10%": 113.87254842465904
        }
    ]
}