,dpdt,T,Kd,MI_radius,Profile
0,0.0006598632647161677,1209.04692341387,0.000912495220761873,88.98519071213546,SW_7_2_1
