,Median,1 sigma low,1 sigma high,2 sigma low,2 sigma high,1sigma error low,1sigma error high,Profile
0,0.0006598632647161677,0.000537826123275711,0.0008738692521288586,0.00041879321872218494,0.0011557499566069557,0.00012203714144045676,0.00021400598741269086,SW_7_2_1
