{
    "modes": [],
    "nested sampling global log-evidence": -3.643343245010152,
    "nested sampling global log-evidence error": 0.08808471629708589,
    "global evidence": -3.643343245010152,
    "global evidence error": 0.08808471629708589,
    "marginals": [
        {
            "median": 0.0006598632647161677,
            "sigma": 0.0001680215644265738,
            "1sigma": [
                0.000537826123275711,
                0.0008738692521288586
            ],
            "2sigma": [
                0.00041879321872218494,
                0.0011557499566069557
            ],
            "3sigma": [
                0.0003444360613059014,
                0.0015842736875279113
            ],
            "5sigma": [
                0.00024341046521527773,
                0.004531435976510203
            ],
            "q75%": 0.0008012161534223092,
            "q25%": 0.0005717046181336138,
            "q99%": 0.0012616370921116507,
            "q01%": 0.00039213039487897823,
            "q90%": 0.0009395350539822604,
            "q10%": 0.0005061917657824709
        },
        {
            "median": 1209.04692341387,
            "sigma": 10.931100553398437,
            "1sigma": [
                1198.404694926845,
                1220.2668960336418
            ],
            "2sigma": [
                1185.8290784329306,
                1232.1692433631003
            ],
            "3sigma": [
                1167.9636749205183,
                1243.1472029617519
            ],
            "5sigma": [
                1166.5484779610217,
                1244.7620769247612
            ],
            "q75%": 1216.7958899786568,
            "q25%": 1201.6116439344034,
            "q99%": 1236.986655743693,
            "q01%": 1182.1051607164343,
            "q90%": 1223.7814384883834,
            "q10%": 1196.0625442632095
        },
        {
            "median": 0.000912495220761873,
            "sigma": 8.891412276343282e-05,
            "1sigma": [
                0.0008188002498599528,
                0.0009966284953868184
            ],
            "2sigma": [
                0.0007264877682545371,
                0.0010910349357248481
            ],
            "3sigma": [
                0.0006302383946189122,
                0.0012025725408241815
            ],
            "5sigma": [
                0.0005832288858028421,
                0.0012186917779797297
            ],
            "q75%": 0.0009690391678108527,
            "q25%": 0.0008483434223415282,
            "q99%": 0.0011176920796381277,
            "q01%": 0.0006997928775619262,
            "q90%": 0.0010276055916861792,
            "q10%": 0.0007943912138250048
        },
        {
            "median": 88.98519071213546,
            "sigma": 0.9694163582426327,
            "1sigma": [
                87.9944174082704,
                89.93325012475566
            ],
            "2sigma": [
                87.25194489823954,
                90.71136137030295
            ],
            "3sigma": [
                86.39053279545188,
                91.70733849836174
            ],
            "5sigma": [
                85.82349204398194,
                91.91385880275841
            ],
            "q75%": 89.65229263191407,
            "q25%": 88.25924208238929,
            "q99%": 91.0019265776892,
            "q01%": 86.93695675288592,
            "q90%": 90.16864822982389,
            "q10%": 87.79981303658393
        }
    ]
}