,Median,1 sigma low,1 sigma high,2 sigma low,2 sigma high,1sigma error low,1sigma error high,Profile
0,0.0027955768163841423,0.0022518905442936023,0.0033691482500331905,0.0019040807320695504,0.003936618115380525,0.00054368627209054,0.0005735714336490482,K97_23_8_1
