,dpdt,T,Kd,MI_radius,Profile
0,0.0027955768163841423,1209.1894315647316,0.000901033401186798,50.12010536745683,K97_23_8_1
