{
    "modes": [],
    "nested sampling global log-evidence": -3.8121305245223285,
    "nested sampling global log-evidence error": 0.09161382535367783,
    "global evidence": -3.8121305245223285,
    "global evidence error": 0.09161382535367783,
    "marginals": [
        {
            "median": 0.0027955768163841423,
            "sigma": 0.0005586288528697941,
            "1sigma": [
                0.0022518905442936023,
                0.0033691482500331905
            ],
            "2sigma": [
                0.0019040807320695504,
                0.003936618115380525
            ],
            "3sigma": [
                0.001594658669049058,
                0.005080889800963059
            ],
            "5sigma": [
                0.0011542073903010694,
                0.007880960706284116
            ],
            "q75%": 0.0031647025907863315,
            "q25%": 0.0024100038344741907,
            "q99%": 0.004240075997795045,
            "q01%": 0.0017691161350606801,
            "q90%": 0.003530751627888067,
            "q10%": 0.0021254534129660804
        },
        {
            "median": 1209.1894315647316,
            "sigma": 11.779687762567164,
            "1sigma": [
                1197.4563456770857,
                1221.01572120222
            ],
            "2sigma": [
                1187.6256385306885,
                1231.0852733514557
            ],
            "3sigma": [
                1180.0147360030376,
                1242.1739190236538
            ],
            "5sigma": [
                1176.2535238145244,
                1243.483477399333
            ],
            "q75%": 1217.3581226067304,
            "q25%": 1200.9123413045143,
            "q99%": 1236.1169939934705,
            "q01%": 1184.3065351155844,
            "q90%": 1223.3896414531264,
            "q10%": 1193.7394745829804
        },
        {
            "median": 0.000901033401186798,
            "sigma": 9.093044745460269e-05,
            "1sigma": [
                0.0008090486964218077,
                0.0009909095913310131
            ],
            "2sigma": [
                0.0007235410011682156,
                0.0010776887842639934
            ],
            "3sigma": [
                0.0005994142729457022,
                0.0011628169311608562
            ],
            "5sigma": [
                0.0005672655930382041,
                0.0011853654366284115
            ],
            "q75%": 0.0009590089718533722,
            "q25%": 0.0008339422696309053,
            "q99%": 0.0011093309540693048,
            "q01%": 0.0007008135752494296,
            "q90%": 0.0010161296418255345,
            "q10%": 0.0007833444893110437
        },
        {
            "median": 50.12010536745683,
            "sigma": 0.9221225900457561,
            "1sigma": [
                49.142679479999494,
                50.986924660091006
            ],
            "2sigma": [
                48.25794851892554,
                51.938980626619774
            ],
            "3sigma": [
                46.82747540254628,
                53.03371301253547
            ],
            "5sigma": [
                46.07978325877969,
                53.88029666461368
            ],
            "q75%": 50.70470522236347,
            "q25%": 49.46924699985384,
            "q99%": 52.24179852804594,
            "q01%": 47.893019983626246,
            "q90%": 51.33007367704158,
            "q10%": 48.91605128553786
        }
    ]
}