,dpdt,T,Kd,MI_radius,Profile
0,0.0006080549493475522,1208.4090113410566,0.0009133328292313625,50.63427863800577,K97_23_8_1
