{
    "modes": [],
    "nested sampling global log-evidence": -4.064010365945292,
    "nested sampling global log-evidence error": 0.09492129959350429,
    "global evidence": -4.064010365945292,
    "global evidence error": 0.09492129959350429,
    "marginals": [
        {
            "median": 0.0006080549493475522,
            "sigma": 0.00024194101018090754,
            "1sigma": [
                0.0004379485379782052,
                0.0009218305583400203
            ],
            "2sigma": [
                0.0003172942893781347,
                0.0013999881889783996
            ],
            "3sigma": [
                0.00023547611705838274,
                0.001873746032972192
            ],
            "5sigma": [
                0.00017339393449470965,
                0.004933980482536845
            ],
            "q75%": 0.0007856641448890387,
            "q25%": 0.0004879743971230243,
            "q99%": 0.0015850749442919611,
            "q01%": 0.00027650210716308936,
            "q90%": 0.00103783125769039,
            "q10%": 0.0003979401775557129
        },
        {
            "median": 1208.4090113410566,
            "sigma": 13.110882487639515,
            "1sigma": [
                1195.9790658207633,
                1222.2008307960423
            ],
            "2sigma": [
                1184.9595017579325,
                1233.8658968186478
            ],
            "3sigma": [
                1174.6935397102857,
                1242.8013853117377
            ],
            "5sigma": [
                1171.5630055373892,
                1247.0624802834936
            ],
            "q75%": 1217.7207783193778,
            "q25%": 1199.9322194524118,
            "q99%": 1238.6340909330595,
            "q01%": 1181.0863745475485,
            "q90%": 1225.8299722832517,
            "q10%": 1192.7784853089393
        },
        {
            "median": 0.0009133328292313625,
            "sigma": 9.609800409518749e-05,
            "1sigma": [
                0.000809475111032496,
                0.001001671119222871
            ],
            "2sigma": [
                0.0007101438684688595,
                0.0010900552025587622
            ],
            "3sigma": [
                0.0006372569729570918,
                0.001195806766290109
            ],
            "5sigma": [
                0.0005853931026686258,
                0.001225594347100555
            ],
            "q75%": 0.0009739079417860813,
            "q25%": 0.0008432299861667519,
            "q99%": 0.0011115799952000438,
            "q01%": 0.0006755517365756135,
            "q90%": 0.001022532034182673,
            "q10%": 0.0007761328915165883
        },
        {
            "median": 50.63427863800577,
            "sigma": 8.528836030698862,
            "1sigma": [
                41.40488320925752,
                58.462555270655244
            ],
            "2sigma": [
                34.46023648986574,
                66.12949486653508
            ],
            "3sigma": [
                29.026161845072824,
                75.43394524716477
            ],
            "5sigma": [
                21.2088337976884,
                79.26504758093489
            ],
            "q75%": 56.316616417442894,
            "q25%": 44.04935281325702,
            "q99%": 68.75661557212081,
            "q01%": 32.422828249646585,
            "q90%": 60.46287871436069,
            "q10%": 39.13538756912521
        }
    ]
}