,dpdt,T,Kd,MI_radius,Profile
0,0.0015702693983168793,1210.9589375280027,0.0009106303528032645,56.39627303916584,SW_7_3_1
