{
    "modes": [],
    "nested sampling global log-evidence": -4.212567991951303,
    "nested sampling global log-evidence error": 0.09663703063517559,
    "global evidence": -4.212567991951303,
    "global evidence error": 0.09663703063517559,
    "marginals": [
        {
            "median": 0.0015702693983168793,
            "sigma": 0.00026330036410348006,
            "1sigma": [
                0.0013367941432812043,
                0.0018633948714881644
            ],
            "2sigma": [
                0.0011614932672253263,
                0.002137308907259204
            ],
            "3sigma": [
                0.0009544480758718811,
                0.0024696338452993762
            ],
            "5sigma": [
                0.0006477563440015036,
                0.003624291548686702
            ],
            "q75%": 0.0017564372525553354,
            "q25%": 0.0014080589263058107,
            "q99%": 0.0022345035019536003,
            "q01%": 0.0010970246429776228,
            "q90%": 0.0019422038273872353,
            "q10%": 0.0012932556069745395
        },
        {
            "median": 1210.9589375280027,
            "sigma": 11.66079241355635,
            "1sigma": [
                1198.8065656671777,
                1222.1281504942904
            ],
            "2sigma": [
                1186.7799479987948,
                1235.0789451306373
            ],
            "3sigma": [
                1176.3893275586702,
                1242.3534365187093
            ],
            "5sigma": [
                1175.273418286168,
                1251.3203767007951
            ],
            "q75%": 1218.509241229727,
            "q25%": 1202.6110787598213,
            "q99%": 1237.9826896291572,
            "q01%": 1182.5181459761163,
            "q90%": 1225.583286188293,
            "q10%": 1195.9858595327198
        },
        {
            "median": 0.0009106303528032645,
            "sigma": 9.504121093296963e-05,
            "1sigma": [
                0.0008092455163611455,
                0.0009993279382270847
            ],
            "2sigma": [
                0.0007304707150210617,
                0.0010835041691453907
            ],
            "3sigma": [
                0.0006615094374328367,
                0.0011746116648023142
            ],
            "5sigma": [
                0.0006487483471397192,
                0.001277203902309723
            ],
            "q75%": 0.0009709871030734121,
            "q25%": 0.0008432023243508878,
            "q99%": 0.0011199119192955146,
            "q01%": 0.0007038178199439504,
            "q90%": 0.0010219182076904537,
            "q10%": 0.0007833250282740354
        },
        {
            "median": 56.39627303916584,
            "sigma": 0.9015976254424238,
            "1sigma": [
                55.44984425715812,
                57.25303950804297
            ],
            "2sigma": [
                54.540817760463604,
                57.990013270882784
            ],
            "3sigma": [
                53.369248751955,
                59.02532024169118
            ],
            "5sigma": [
                53.35584995911841,
                60.43998223152475
            ],
            "q75%": 56.98831485527099,
            "q25%": 55.804836502120814,
            "q99%": 58.41573097876744,
            "q01%": 54.18676112599767,
            "q90%": 57.48119853910703,
            "q10%": 55.2025177478011
        }
    ]
}