,dpdt,T,Kd,MI_radius,Profile
0,0.0002536749264699278,1208.7017976782718,0.0008937591326679211,56.46865942667911,SW_7_3_1
