,Median,1 sigma low,1 sigma high,2 sigma low,2 sigma high,1sigma error low,1sigma error high,Profile
0,0.0002536749264699278,0.00020196627536753743,0.0003137167830628424,0.00016259878681764735,0.00040882383641817485,5.1708651102390374e-05,6.004185659291459e-05,SW_7_3_1
