{
    "modes": [],
    "nested sampling global log-evidence": -3.6575423422824804,
    "nested sampling global log-evidence error": 0.08919994684810127,
    "global evidence": -3.6575423422824804,
    "global evidence error": 0.08919994684810127,
    "marginals": [
        {
            "median": 0.0002536749264699278,
            "sigma": 5.587525384765248e-05,
            "1sigma": [
                0.00020196627536753743,
                0.0003137167830628424
            ],
            "2sigma": [
                0.00016259878681764735,
                0.00040882383641817485
            ],
            "3sigma": [
                0.00013205734756352084,
                0.0005072457756975396
            ],
            "5sigma": [
                0.00011404108687379872,
                0.0009245022984874885
            ],
            "q75%": 0.0002945582548094789,
            "q25%": 0.00021738332448254058,
            "q99%": 0.00044222105408425267,
            "q01%": 0.00015416012483036097,
            "q90%": 0.0003371734775124282,
            "q10%": 0.0001890128909281393
        },
        {
            "median": 1208.7017976782718,
            "sigma": 11.671442777529705,
            "1sigma": [
                1197.0138699752633,
                1220.3567555303227
            ],
            "2sigma": [
                1186.3376049810183,
                1232.2102200689283
            ],
            "3sigma": [
                1179.3581305152443,
                1245.0937356299387
            ],
            "5sigma": [
                1175.5647420900143,
                1257.9621692342898
            ],
            "q75%": 1216.6866761002752,
            "q25%": 1200.7937429133792,
            "q99%": 1238.7873441322447,
            "q01%": 1182.471685089176,
            "q90%": 1223.4879414909663,
            "q10%": 1193.8309046657587
        },
        {
            "median": 0.0008937591326679211,
            "sigma": 0.00010605259737391686,
            "1sigma": [
                0.0007913985395439694,
                0.0010035037342918031
            ],
            "2sigma": [
                0.0007054644093312118,
                0.001081847314800568
            ],
            "3sigma": [
                0.0005886718972985777,
                0.00118179708764692
            ],
            "5sigma": [
                0.000580041557988767,
                0.001210675746360624
            ],
            "q75%": 0.0009744760978362964,
            "q25%": 0.0008206100201542492,
            "q99%": 0.001111951455495986,
            "q01%": 0.0006711423455142609,
            "q90%": 0.0010260310323425646,
            "q10%": 0.0007704299814322973
        },
        {
            "median": 56.46865942667911,
            "sigma": 0.9220012959322084,
            "1sigma": [
                55.63523119734883,
                57.47923378921325
            ],
            "2sigma": [
                54.78413551543984,
                58.355714503523956
            ],
            "3sigma": [
                53.79259189420496,
                59.68489974314922
            ],
            "5sigma": [
                53.56834367756955,
                60.10263066268651
            ],
            "q75%": 57.186671072373166,
            "q25%": 55.886730574818536,
            "q99%": 58.82994474715306,
            "q01%": 54.34169368545976,
            "q90%": 57.72314077075955,
            "q10%": 55.37061192203935
        }
    ]
}