,dpdt,T,Kd,MI_radius,Profile
0,0.00013236151864704816,1209.369000369615,0.0008841352728880276,56.47547758273159,SW_7_3_1
