,Median,1 sigma low,1 sigma high,2 sigma low,2 sigma high,1sigma error low,1sigma error high,Profile
0,0.00013236151864704816,0.00011028999773540727,0.00015759623968528432,9.280979067037345e-05,0.0001878719096975419,2.207152091164089e-05,2.5234721038236153e-05,SW_7_3_1
