{
    "modes": [],
    "nested sampling global log-evidence": -4.232829507162057,
    "nested sampling global log-evidence error": 0.097022808034725,
    "global evidence": -4.232829507162057,
    "global evidence error": 0.097022808034725,
    "marginals": [
        {
            "median": 0.00013236151864704816,
            "sigma": 2.365312097493852e-05,
            "1sigma": [
                0.00011028999773540727,
                0.00015759623968528432
            ],
            "2sigma": [
                9.280979067037345e-05,
                0.0001878719096975419
            ],
            "3sigma": [
                7.590889259225733e-05,
                0.0002279163636347615
            ],
            "5sigma": [
                6.647261435281676e-05,
                0.00027427780378114783
            ],
            "q75%": 0.00014798479716825807,
            "q25%": 0.0001165447352734569,
            "q99%": 0.00020231266480022101,
            "q01%": 8.844611977444432e-05,
            "q90%": 0.00016353090451391402,
            "q10%": 0.00010449930022255343
        },
        {
            "median": 1209.369000369615,
            "sigma": 12.656243062036197,
            "1sigma": [
                1198.1004182184772,
                1223.4129043425496
            ],
            "2sigma": [
                1185.0614765528599,
                1234.7239639558934
            ],
            "3sigma": [
                1173.8346099314313,
                1247.0103629167288
            ],
            "5sigma": [
                1173.604922024534,
                1252.9306241176089
            ],
            "q75%": 1219.4467532580597,
            "q25%": 1201.048570306111,
            "q99%": 1238.951717966461,
            "q01%": 1180.6015114216336,
            "q90%": 1226.6928171140794,
            "q10%": 1195.0330794411575
        },
        {
            "median": 0.0008841352728880276,
            "sigma": 8.766141607472497e-05,
            "1sigma": [
                0.0008016795267233884,
                0.0009770023588728384
            ],
            "2sigma": [
                0.0007109772899475389,
                0.0010724567744645232
            ],
            "3sigma": [
                0.0005918764442280172,
                0.0011763880823606311
            ],
            "5sigma": [
                0.0005613307036336781,
                0.0012052931206379077
            ],
            "q75%": 0.000950871740869303,
            "q25%": 0.0008278363845877004,
            "q99%": 0.0011081568561110353,
            "q01%": 0.0006716437456412872,
            "q90%": 0.0010112441324021055,
            "q10%": 0.0007777359904096058
        },
        {
            "median": 56.47547758273159,
            "sigma": 0.8971082159844563,
            "1sigma": [
                55.582935483568065,
                57.37715191553698
            ],
            "2sigma": [
                54.70190062632364,
                58.204009546341354
            ],
            "3sigma": [
                53.67153736998886,
                58.97093498012879
            ],
            "5sigma": [
                53.656099711355104,
                59.52135008395563
            ],
            "q75%": 57.09952975333549,
            "q25%": 55.851316132896784,
            "q99%": 58.5477283278538,
            "q01%": 54.3008518144545,
            "q90%": 57.59813222602669,
            "q10%": 55.296227815871944
        }
    ]
}