,dpdt,T,Kd,MI_radius,Profile
0,0.0017531500031231682,1209.1305671172354,0.0008927311143942728,115.00670982161948,K97_23_1_1_1
