{
    "modes": [],
    "nested sampling global log-evidence": -2.4701653145211546,
    "nested sampling global log-evidence error": 0.0596963075020413,
    "global evidence": -2.4701653145211546,
    "global evidence error": 0.0596963075020413,
    "marginals": [
        {
            "median": 0.0017531500031231682,
            "sigma": 0.015332490356491748,
            "1sigma": [
                0.0009901847444799715,
                0.03165516545746347
            ],
            "2sigma": [
                0.000689227216388274,
                3.0356810977617776
            ],
            "3sigma": [
                0.00047826515513877863,
                8.212241638052824
            ],
            "5sigma": [
                0.0002806788652015589,
                9.87797237910286
            ],
            "q75%": 0.005174176196468968,
            "q25%": 0.0011448815297373882,
            "q99%": 5.911933967595398,
            "q01%": 0.0005813344834804389,
            "q90%": 0.23804914392735685,
            "q10%": 0.000868012989355756
        },
        {
            "median": 1209.1305671172354,
            "sigma": 12.804444283758926,
            "1sigma": [
                1196.3135166931438,
                1221.9224052606617
            ],
            "2sigma": [
                1185.847109654149,
                1233.1815401200997
            ],
            "3sigma": [
                1171.8126344948107,
                1245.2872607239813
            ],
            "5sigma": [
                1166.8929075382587,
                1251.6912737562495
            ],
            "q75%": 1217.7301030129386,
            "q25%": 1200.2774895341954,
            "q99%": 1235.9161112781262,
            "q01%": 1182.2535618229488,
            "q90%": 1225.240657381894,
            "q10%": 1193.3825685866075
        },
        {
            "median": 0.0008927311143942728,
            "sigma": 9.856673839900125e-05,
            "1sigma": [
                0.0007977571231561535,
                0.000994890599954156
            ],
            "2sigma": [
                0.0006992875941789254,
                0.0010855563988280226
            ],
            "3sigma": [
                0.0005537052474377339,
                0.001181207439674386
            ],
            "5sigma": [
                0.0005178569745168852,
                0.0012203616848788584
            ],
            "q75%": 0.000967009474343072,
            "q25%": 0.0008244340766538635,
            "q99%": 0.0011201866551673512,
            "q01%": 0.0006630462194067796,
            "q90%": 0.0010226311863856866,
            "q10%": 0.0007745673211484473
        },
        {
            "median": 115.00670982161948,
            "sigma": 0.9938544095129345,
            "1sigma": [
                113.95922752935475,
                115.94693634838062
            ],
            "2sigma": [
                113.08974260378503,
                116.86781777503097
            ],
            "3sigma": [
                111.94945797815657,
                117.66476344854682
            ],
            "5sigma": [
                111.2623338693518,
                118.0317283270229
            ],
            "q75%": 115.64672218727986,
            "q25%": 114.26876490412006,
            "q99%": 117.22972658728608,
            "q01%": 112.69345043886189,
            "q90%": 116.20194067769098,
            "q10%": 113.72737991910515
        }
    ]
}