,dpdt,T,Kd,MI_radius,Profile
0,0.000976132201846163,1208.8243907400933,0.000902959228860746,60.25384826979081,SW_7_3_2
