,Median,1 sigma low,1 sigma high,2 sigma low,2 sigma high,1sigma error low,1sigma error high,Profile
0,0.000976132201846163,0.0008086632865100922,0.0012334309760726196,0.0006668137078456805,0.0015519380819835674,0.00016746891533607087,0.0002572987742264566,SW_7_3_2
