{
    "modes": [],
    "nested sampling global log-evidence": -3.8158817228325135,
    "nested sampling global log-evidence error": 0.09043180281324484,
    "global evidence": -3.8158817228325135,
    "global evidence error": 0.09043180281324484,
    "marginals": [
        {
            "median": 0.000976132201846163,
            "sigma": 0.00021238384478126373,
            "1sigma": [
                0.0008086632865100922,
                0.0012334309760726196
            ],
            "2sigma": [
                0.0006668137078456805,
                0.0015519380819835674
            ],
            "3sigma": [
                0.0005245083627928148,
                0.0020271945377182666
            ],
            "5sigma": [
                0.0003940897612326475,
                0.0036086374545905996
            ],
            "q75%": 0.001129766786131735,
            "q25%": 0.0008552741556337588,
            "q99%": 0.0017323742549389327,
            "q01%": 0.0006291892098637816,
            "q90%": 0.0013320772007843764,
            "q10%": 0.0007724537990946114
        },
        {
            "median": 1208.8243907400933,
            "sigma": 12.012684388033335,
            "1sigma": [
                1196.186727000893,
                1220.2120957769596
            ],
            "2sigma": [
                1185.6800154204548,
                1230.4681237310817
            ],
            "3sigma": [
                1173.2772815635258,
                1242.3239557605104
            ],
            "5sigma": [
                1171.2031435165495,
                1245.8209289983938
            ],
            "q75%": 1216.4133274009807,
            "q25%": 1199.685590079055,
            "q99%": 1235.6711878402446,
            "q01%": 1180.4566967326416,
            "q90%": 1223.5484604903663,
            "q10%": 1193.677481650166
        },
        {
            "median": 0.000902959228860746,
            "sigma": 9.052052366826226e-05,
            "1sigma": [
                0.0008140951973629282,
                0.0009951362446994527
            ],
            "2sigma": [
                0.000730692048622151,
                0.0010834065671834576
            ],
            "3sigma": [
                0.00064176139323506,
                0.001195309604956395
            ],
            "5sigma": [
                0.0005565575240289878,
                0.001228838590236326
            ],
            "q75%": 0.0009694193066887329,
            "q25%": 0.0008405432252881961,
            "q99%": 0.0011201189006350104,
            "q01%": 0.0007130127517666293,
            "q90%": 0.0010262385496065227,
            "q10%": 0.0007935249249383968
        },
        {
            "median": 60.25384826979081,
            "sigma": 0.9020838209831261,
            "1sigma": [
                59.3146794491387,
                61.11884709110495
            ],
            "2sigma": [
                58.46747030187209,
                62.070998740448445
            ],
            "3sigma": [
                56.807456670627914,
                62.975024151270425
            ],
            "5sigma": [
                56.73661026406052,
                64.17189717362719
            ],
            "q75%": 60.83259835445088,
            "q25%": 59.611567962807285,
            "q99%": 62.30962229091227,
            "q01%": 58.08918296941087,
            "q90%": 61.421700328033175,
            "q10%": 59.07382263281163
        }
    ]
}