,dpdt,T,Kd,MI_radius,Profile
0,0.014839742706225106,1209.9112909621836,0.0008958827030689755,72.46454986325648,SW_7_8_1
