{
    "modes": [],
    "nested sampling global log-evidence": -1.4543076483424207,
    "nested sampling global log-evidence error": 0.04095898531803087,
    "global evidence": -1.4543076483424207,
    "global evidence error": 0.04095898531803087,
    "marginals": [
        {
            "median": 0.014839742706225106,
            "sigma": 0.7142746241175629,
            "1sigma": [
                0.0012918742436667473,
                1.4298411224787926
            ],
            "2sigma": [
                0.0006381571661791268,
                6.738764587929293
            ],
            "3sigma": [
                0.0003471582775984989,
                9.068369580460018
            ],
            "5sigma": [
                0.00019406518329864245,
                9.506048179129078
            ],
            "q75%": 0.4202259209098651,
            "q25%": 0.0018288920291034912,
            "q99%": 7.792008835334519,
            "q01%": 0.0004433400199665687,
            "q90%": 2.8677570062377526,
            "q10%": 0.0009979159894782019
        },
        {
            "median": 1209.9112909621836,
            "sigma": 12.505929333754466,
            "1sigma": [
                1197.12624403162,
                1222.138102699129
            ],
            "2sigma": [
                1185.4971358704352,
                1235.5465043377808
            ],
            "3sigma": [
                1172.0921938462172,
                1249.5486181695978
            ],
            "5sigma": [
                1170.3124922912098,
                1256.239171560867
            ],
            "q75%": 1218.2931353406875,
            "q25%": 1200.5107686334002,
            "q99%": 1241.22214005547,
            "q01%": 1183.278826015529,
            "q90%": 1225.6106049568577,
            "q10%": 1193.7404827876255
        },
        {
            "median": 0.0008958827030689755,
            "sigma": 9.507884840258469e-05,
            "1sigma": [
                0.0008078801551463055,
                0.0009980378519514749
            ],
            "2sigma": [
                0.0007203941809312326,
                0.001091919097198889
            ],
            "3sigma": [
                0.0005672808664626695,
                0.0011600199579012106
            ],
            "5sigma": [
                0.0005672808664626695,
                0.001196876112146415
            ],
            "q75%": 0.0009650617055437223,
            "q25%": 0.000835675751864766,
            "q99%": 0.0011187369403380459,
            "q01%": 0.0006785983772882446,
            "q90%": 0.0010259960938535306,
            "q10%": 0.0007828920109334261
        },
        {
            "median": 72.46454986325648,
            "sigma": 0.9638337057963895,
            "1sigma": [
                71.54291608171515,
                73.47058349330793
            ],
            "2sigma": [
                70.63076152095002,
                74.34821404693893
            ],
            "3sigma": [
                68.3272076933294,
                75.49601121437163
            ],
            "5sigma": [
                68.07539893230185,
                75.67688636333523
            ],
            "q75%": 73.1639733960578,
            "q25%": 71.84190466802907,
            "q99%": 74.62750032819535,
            "q01%": 70.11563562631879,
            "q90%": 73.77403769193337,
            "q10%": 71.28449625966604
        }
    ]
}