,dpdt,T,Kd,MI_radius,Profile
0,0.04666845579344652,1209.7247374206063,0.000902393544058603,72.60240383977649,SW_7_8_1
