{
    "modes": [],
    "nested sampling global log-evidence": -1.578265928871222,
    "nested sampling global log-evidence error": 0.04827775280976293,
    "global evidence": -1.578265928871222,
    "global evidence error": 0.04827775280976293,
    "marginals": [
        {
            "median": 0.04666845579344652,
            "sigma": 0.5774430140853243,
            "1sigma": [
                0.011768004079617535,
                1.166654032250266
            ],
            "2sigma": [
                0.0067566832882437885,
                5.625153190153889
            ],
            "3sigma": [
                0.004167904486657778,
                8.869714071423
            ],
            "5sigma": [
                0.0022951575058070698,
                9.959948303149487
            ],
            "q75%": 0.4668376522493228,
            "q25%": 0.01510583231994142,
            "q99%": 7.290823045732747,
            "q01%": 0.005514577950744106,
            "q90%": 2.0705912815019287,
            "q10%": 0.009310004251730909
        },
        {
            "median": 1209.7247374206063,
            "sigma": 12.60275204094387,
            "1sigma": [
                1196.9299099646407,
                1222.1354140465285
            ],
            "2sigma": [
                1186.2700614188402,
                1233.7505139743769
            ],
            "3sigma": [
                1170.8248740883905,
                1248.0071984621904
            ],
            "5sigma": [
                1167.2040933648725,
                1263.3746392704652
            ],
            "q75%": 1217.5837786341872,
            "q25%": 1201.0563336755827,
            "q99%": 1239.2919483160497,
            "q01%": 1179.3088439068306,
            "q90%": 1224.8092624697788,
            "q10%": 1193.902221999949
        },
        {
            "median": 0.000902393544058603,
            "sigma": 9.634672575257607e-05,
            "1sigma": [
                0.0008066512756652489,
                0.000999344727170401
            ],
            "2sigma": [
                0.0007107684392856183,
                0.00108152650797029
            ],
            "3sigma": [
                0.0005733261642718357,
                0.0011792546141710502
            ],
            "5sigma": [
                0.0005580327710036641,
                0.0012096180777008594
            ],
            "q75%": 0.000970399964950186,
            "q25%": 0.0008370289150248802,
            "q99%": 0.0011179478828586857,
            "q01%": 0.000676021407577716,
            "q90%": 0.0010243408193542783,
            "q10%": 0.0007799412800204258
        },
        {
            "median": 72.60240383977649,
            "sigma": 1.0036277098140118,
            "1sigma": [
                71.59224786006969,
                73.59950327969771
            ],
            "2sigma": [
                70.72850827113787,
                74.48494690056428
            ],
            "3sigma": [
                69.65188481147092,
                75.43098793146288
            ],
            "5sigma": [
                69.47844756214648,
                75.63216282586735
            ],
            "q75%": 73.2652611921111,
            "q25%": 71.88098970869868,
            "q99%": 74.81753491765163,
            "q01%": 70.34793783765839,
            "q90%": 73.90997448545514,
            "q10%": 71.31482538888852
        }
    ]
}