,dpdt,T,Kd,MI_radius,Profile
0,0.00018433697077689545,1208.231911136176,0.0008985698317311873,60.95056957324062,K97_23_4_1
