,Median,1 sigma low,1 sigma high,2 sigma low,2 sigma high,1sigma error low,1sigma error high,Profile
0,0.00018433697077689545,0.00015201810028858385,0.00022401074655307768,0.0001290406912515359,0.00027567393541945044,3.23188704883116e-05,3.9673775776182224e-05,K97_23_4_1
