{
    "modes": [],
    "nested sampling global log-evidence": -3.865948476775671,
    "nested sampling global log-evidence error": 0.09207563147055077,
    "global evidence": -3.865948476775671,
    "global evidence error": 0.09207563147055077,
    "marginals": [
        {
            "median": 0.00018433697077689545,
            "sigma": 3.599632313224691e-05,
            "1sigma": [
                0.00015201810028858385,
                0.00022401074655307768
            ],
            "2sigma": [
                0.0001290406912515359,
                0.00027567393541945044
            ],
            "3sigma": [
                0.00010993702363239118,
                0.0003417142595735687
            ],
            "5sigma": [
                8.058407909952179e-05,
                0.0005995110476694055
            ],
            "q75%": 0.00020876337150233567,
            "q25%": 0.00016155580013563325,
            "q99%": 0.00029734782902437286,
            "q01%": 0.00012285225529680603,
            "q90%": 0.0002349538926987814,
            "q10%": 0.00014412262420656282
        },
        {
            "median": 1208.231911136176,
            "sigma": 11.2832275833631,
            "1sigma": [
                1196.865046560812,
                1219.4315017275383
            ],
            "2sigma": [
                1185.0705406668078,
                1230.2932848609203
            ],
            "3sigma": [
                1167.2779861672789,
                1249.581918495576
            ],
            "5sigma": [
                1166.404254931616,
                1251.4708165160646
            ],
            "q75%": 1215.840505007185,
            "q25%": 1200.7006980023714,
            "q99%": 1235.0575567862722,
            "q01%": 1178.9816317443408,
            "q90%": 1221.9549785789336,
            "q10%": 1193.556732004015
        },
        {
            "median": 0.0008985698317311873,
            "sigma": 9.380308428215932e-05,
            "1sigma": [
                0.000802727497405919,
                0.0009903336659702376
            ],
            "2sigma": [
                0.0007283929235691203,
                0.0010739968896158604
            ],
            "3sigma": [
                0.0006816196439707428,
                0.00116729971964551
            ],
            "5sigma": [
                0.000607097062293796,
                0.001173901604578308
            ],
            "q75%": 0.0009613617372377925,
            "q25%": 0.0008351846916380386,
            "q99%": 0.0010991647865792795,
            "q01%": 0.000702143301774871,
            "q90%": 0.0010097425053593888,
            "q10%": 0.0007808439157978055
        },
        {
            "median": 60.95056957324062,
            "sigma": 0.8291528782800874,
            "1sigma": [
                60.054099014780256,
                61.71240477134043
            ],
            "2sigma": [
                59.142166389642504,
                62.726646687910836
            ],
            "3sigma": [
                58.30412035482088,
                63.42718879783833
            ],
            "5sigma": [
                57.92114144452679,
                63.54421048429118
            ],
            "q75%": 61.43049301259064,
            "q25%": 60.332768499387186,
            "q99%": 63.01984893719525,
            "q01%": 58.7935942520633,
            "q90%": 62.02674137204515,
            "q10%": 59.835987877852375
        }
    ]
}