,dpdt,T,Kd,MI_radius,Profile
0,6.399522192474494e-05,1209.3652433713119,0.000903893384425191,89.91715614915479,K97_23_17_1
