{
    "modes": [],
    "nested sampling global log-evidence": -4.309895166090754,
    "nested sampling global log-evidence error": 0.09792647715117522,
    "global evidence": -4.309895166090754,
    "global evidence error": 0.09792647715117522,
    "marginals": [
        {
            "median": 6.399522192474494e-05,
            "sigma": 1.0057288730877666e-05,
            "1sigma": [
                5.416589541608759e-05,
                7.428047287784292e-05
            ],
            "2sigma": [
                4.700718772170736e-05,
                8.692765147604961e-05
            ],
            "3sigma": [
                3.901940741866875e-05,
                0.00010497732275278959
            ],
            "5sigma": [
                3.0627863902400154e-05,
                0.00014636381915820545
            ],
            "q75%": 7.084027315043044e-05,
            "q25%": 5.761950321844294e-05,
            "q99%": 9.189419922997552e-05,
            "q01%": 4.5001693702616e-05,
            "q90%": 7.803477419971793e-05,
            "q10%": 5.204524155839915e-05
        },
        {
            "median": 1209.3652433713119,
            "sigma": 11.102408188316986,
            "1sigma": [
                1198.8793150974518,
                1221.0841314740858
            ],
            "2sigma": [
                1187.2231465739553,
                1231.9719498645863
            ],
            "3sigma": [
                1177.7570232342503,
                1245.0817184544003
            ],
            "5sigma": [
                1176.5640000268834,
                1249.2452383379064
            ],
            "q75%": 1217.7241493607194,
            "q25%": 1202.417672703925,
            "q99%": 1237.0192449511683,
            "q01%": 1181.9635520056806,
            "q90%": 1224.2022583414353,
            "q10%": 1195.701135736959
        },
        {
            "median": 0.000903893384425191,
            "sigma": 9.62377465588532e-05,
            "1sigma": [
                0.0008098360667116075,
                0.0010023115598293139
            ],
            "2sigma": [
                0.0007222716739811536,
                0.0010734633685779722
            ],
            "3sigma": [
                0.0006501928452471748,
                0.0011470899620832015
            ],
            "5sigma": [
                0.000611899816766623,
                0.0012194825678816016
            ],
            "q75%": 0.0009702904668548575,
            "q25%": 0.0008416667199305294,
            "q99%": 0.0011100152967515467,
            "q01%": 0.0006952037052289821,
            "q90%": 0.0010239532729261296,
            "q10%": 0.0007913741970835582
        },
        {
            "median": 89.91715614915479,
            "sigma": 0.9706377245405662,
            "1sigma": [
                88.97850594051562,
                90.91978138959675
            ],
            "2sigma": [
                88.22176417407697,
                91.92510944346819
            ],
            "3sigma": [
                86.68764314906294,
                93.15252266380898
            ],
            "5sigma": [
                86.57993127963482,
                93.52430880123927
            ],
            "q75%": 90.64377999156528,
            "q25%": 89.26422267943754,
            "q99%": 92.39562468232906,
            "q01%": 87.87122322003977,
            "q90%": 91.19285821317779,
            "q10%": 88.79650254572137
        }
    ]
}