,dpdt,T,Kd,MI_radius,Profile
0,0.0013217155356661018,1207.594905575163,0.0009091268727129164,74.84650309319319,SW_7_4_1
