{
    "modes": [],
    "nested sampling global log-evidence": -4.090851838417016,
    "nested sampling global log-evidence error": 0.0954002695058461,
    "global evidence": -4.090851838417016,
    "global evidence error": 0.0954002695058461,
    "marginals": [
        {
            "median": 0.0013217155356661018,
            "sigma": 0.0002150128931988364,
            "1sigma": [
                0.0011133602668103103,
                0.001543386053207983
            ],
            "2sigma": [
                0.0009497188781976101,
                0.0018621477236374026
            ],
            "3sigma": [
                0.0007531818524566478,
                0.002272780760465258
            ],
            "5sigma": [
                0.000658804760094449,
                0.0027648294300122857
            ],
            "q75%": 0.0014577204391507943,
            "q25%": 0.0011736770227734,
            "q99%": 0.0019936119255611713,
            "q01%": 0.0008996306278876248,
            "q90%": 0.0016297831947010165,
            "q10%": 0.001060540081324185
        },
        {
            "median": 1207.594905575163,
            "sigma": 11.697229725148304,
            "1sigma": [
                1196.7153611200602,
                1220.1098205703568
            ],
            "2sigma": [
                1187.0487627251268,
                1233.1942107554155
            ],
            "3sigma": [
                1170.6406254515173,
                1241.9859327484978
            ],
            "5sigma": [
                1163.5201080575798,
                1243.5031141721847
            ],
            "q75%": 1215.28534486379,
            "q25%": 1199.7182314468134,
            "q99%": 1235.7887861010402,
            "q01%": 1180.4122283553393,
            "q90%": 1223.9564843340167,
            "q10%": 1194.2625280702869
        },
        {
            "median": 0.0009091268727129164,
            "sigma": 0.00010300081204479692,
            "1sigma": [
                0.0008023939190211418,
                0.0010083955431107357
            ],
            "2sigma": [
                0.0007366532678390744,
                0.0011017610665233263
            ],
            "3sigma": [
                0.0006664253019527497,
                0.001201326240424854
            ],
            "5sigma": [
                0.000660030135411011,
                0.001216883868129858
            ],
            "q75%": 0.000976434005469346,
            "q25%": 0.0008426518771790444,
            "q99%": 0.001142885226562625,
            "q01%": 0.0007042747260731501,
            "q90%": 0.0010359302147957084,
            "q10%": 0.0007770803263025655
        },
        {
            "median": 74.84650309319319,
            "sigma": 0.9222698682687138,
            "1sigma": [
                73.93203441175118,
                75.7765741482886
            ],
            "2sigma": [
                72.97313664019431,
                76.7413989028782
            ],
            "3sigma": [
                71.84795004018834,
                77.8479495766967
            ],
            "5sigma": [
                71.76916518990986,
                78.43568325083044
            ],
            "q75%": 75.49342496698637,
            "q25%": 74.19147739928366,
            "q99%": 77.0309361557438,
            "q01%": 72.67218625195785,
            "q90%": 75.994885889214,
            "q10%": 73.7035904077662
        }
    ]
}