,dpdt,T,Kd,MI_radius,Profile
0,0.0012042337304082988,1211.1517503391096,0.0009031417804407054,60.910408159292714,K97_23_4_1
