{
    "modes": [],
    "nested sampling global log-evidence": -4.365755566255641,
    "nested sampling global log-evidence error": 0.09787673951399897,
    "global evidence": -4.365755566255641,
    "global evidence error": 0.09787673951399897,
    "marginals": [
        {
            "median": 0.0012042337304082988,
            "sigma": 0.0001902209829864795,
            "1sigma": [
                0.0010380322248023527,
                0.0014184741907753116
            ],
            "2sigma": [
                0.0009180972523118474,
                0.0016484109011305431
            ],
            "3sigma": [
                0.0007862086084979924,
                0.0019842657964542353
            ],
            "5sigma": [
                0.0006273271181531134,
                0.0026217549486032728
            ],
            "q75%": 0.0013463834778863135,
            "q25%": 0.0010852306681536387,
            "q99%": 0.0017995084837492015,
            "q01%": 0.0008722022900261868,
            "q90%": 0.0014782164241907941,
            "q10%": 0.0009960915150236374
        },
        {
            "median": 1211.1517503391096,
            "sigma": 12.48734001389073,
            "1sigma": [
                1197.2992639719819,
                1222.2739439997633
            ],
            "2sigma": [
                1187.1013924486167,
                1233.3429071605776
            ],
            "3sigma": [
                1177.7011339815047,
                1245.679984611966
            ],
            "5sigma": [
                1169.1744953445127,
                1249.847010311741
            ],
            "q75%": 1219.3160025985298,
            "q25%": 1200.998640913542,
            "q99%": 1239.1374798900276,
            "q01%": 1184.0370747760005,
            "q90%": 1225.5300838925534,
            "q10%": 1194.51010747818
        },
        {
            "median": 0.0009031417804407054,
            "sigma": 9.240706344646187e-05,
            "1sigma": [
                0.0008142291548867085,
                0.0009990432817796322
            ],
            "2sigma": [
                0.00072824635763227,
                0.0010874434229064635
            ],
            "3sigma": [
                0.0005969193974817011,
                0.0011602857362294817
            ],
            "5sigma": [
                0.0005796449586890774,
                0.0012143530883436716
            ],
            "q75%": 0.0009676103269475451,
            "q25%": 0.0008433055534720553,
            "q99%": 0.0011114124059202566,
            "q01%": 0.0006862431196673353,
            "q90%": 0.0010191163256262341,
            "q10%": 0.00078575847396281
        },
        {
            "median": 60.910408159292714,
            "sigma": 0.911205907989963,
            "1sigma": [
                60.04349796979926,
                61.86590978577919
            ],
            "2sigma": [
                59.294702273790726,
                62.812106731737934
            ],
            "3sigma": [
                58.55925758417615,
                63.8724731827327
            ],
            "5sigma": [
                57.04138575815779,
                64.01725272281153
            ],
            "q75%": 61.557641670566056,
            "q25%": 60.30125854651968,
            "q99%": 63.15485908151847,
            "q01%": 59.0704121555745,
            "q90%": 62.160814006462715,
            "q10%": 59.84989979551314
        }
    ]
}