,dpdt,T,Kd,MI_radius,Profile
0,7.149596854801191e-05,1209.9762178337542,0.0008895990892066603,61.028247221400456,K97_23_10_1
