{
    "modes": [],
    "nested sampling global log-evidence": -4.2593846314268875,
    "nested sampling global log-evidence error": 0.09711290639627301,
    "global evidence": -4.2593846314268875,
    "global evidence error": 0.09711290639627301,
    "marginals": [
        {
            "median": 7.149596854801191e-05,
            "sigma": 1.0546346230288163e-05,
            "1sigma": [
                6.141089947467468e-05,
                8.250359193525101e-05
            ],
            "2sigma": [
                5.254843682600787e-05,
                9.686789173194934e-05
            ],
            "3sigma": [
                4.407531365665405e-05,
                0.00010928141809684569
            ],
            "5sigma": [
                3.597281904879477e-05,
                0.00013799740227836562
            ],
            "q75%": 7.919300028229284e-05,
            "q25%": 6.468804265696679e-05,
            "q99%": 0.00010301200148190762,
            "q01%": 5.002605938270584e-05,
            "q90%": 8.652799465272799e-05,
            "q10%": 5.950690628438961e-05
        },
        {
            "median": 1209.9762178337542,
            "sigma": 11.653323109389248,
            "1sigma": [
                1197.6148791867097,
                1220.9215254054882
            ],
            "2sigma": [
                1187.3827569718294,
                1232.0688830258857
            ],
            "3sigma": [
                1171.033815195513,
                1241.7923597269712
            ],
            "5sigma": [
                1170.4049111385048,
                1245.9384176794981
            ],
            "q75%": 1217.8470324698746,
            "q25%": 1200.7038699584248,
            "q99%": 1236.2476167443258,
            "q01%": 1182.6600569209625,
            "q90%": 1223.3588102813383,
            "q10%": 1194.4829273180217
        },
        {
            "median": 0.0008895990892066603,
            "sigma": 9.531405037482024e-05,
            "1sigma": [
                0.0008009749164468643,
                0.0009916030171965048
            ],
            "2sigma": [
                0.0007183395715566687,
                0.001079511146675711
            ],
            "3sigma": [
                0.0006587146615167442,
                0.0011920894864457681
            ],
            "5sigma": [
                0.0006517394946546331,
                0.0012099857331931264
            ],
            "q75%": 0.0009621989078280283,
            "q25%": 0.0008311795733574561,
            "q99%": 0.001113006190838217,
            "q01%": 0.0006967804627286033,
            "q90%": 0.001016900523000284,
            "q10%": 0.0007766937752732013
        },
        {
            "median": 61.028247221400456,
            "sigma": 0.9638747015233626,
            "1sigma": [
                60.063165524140665,
                61.99091492718739
            ],
            "2sigma": [
                59.33862725450982,
                62.871213142812465
            ],
            "3sigma": [
                58.411826117782226,
                64.41781205734594
            ],
            "5sigma": [
                57.67749306282741,
                65.11000535587556
            ],
            "q75%": 61.7165869792487,
            "q25%": 60.3384437362275,
            "q99%": 63.23707608280533,
            "q01%": 59.06622969835862,
            "q90%": 62.21468676348156,
            "q10%": 59.80256712672029
        }
    ]
}