,dpdt,T,Kd,MI_radius,Profile
0,0.00010260335786405923,1207.9976479651193,0.0008959111279703554,60.947432092671455,K97_23_4_1
