{
    "modes": [],
    "nested sampling global log-evidence": -4.294986330878209,
    "nested sampling global log-evidence error": 0.09772065004633855,
    "global evidence": -4.294986330878209,
    "global evidence error": 0.09772065004633855,
    "marginals": [
        {
            "median": 0.00010260335786405923,
            "sigma": 1.792756927311522e-05,
            "1sigma": [
                8.637406128555614e-05,
                0.00012222919983178657
            ],
            "2sigma": [
                7.586650965950676e-05,
                0.00013716537118789365
            ],
            "3sigma": [
                6.427475265547806e-05,
                0.0001669766268241281
            ],
            "5sigma": [
                5.2938245965045424e-05,
                0.0002005064299007174
            ],
            "q75%": 0.00011521391798773109,
            "q25%": 9.141213469708878e-05,
            "q99%": 0.00014385042390948575,
            "q01%": 7.192701866665511e-05,
            "q90%": 0.00012742293072330255,
            "q10%": 8.237953573738393e-05
        },
        {
            "median": 1207.9976479651193,
            "sigma": 11.929667588235702,
            "1sigma": [
                1196.6604898255578,
                1220.5198250020292
            ],
            "2sigma": [
                1186.0177221971458,
                1232.0773654815157
            ],
            "3sigma": [
                1176.443431671645,
                1243.9635109750277
            ],
            "5sigma": [
                1174.8491603935365,
                1251.867416029006
            ],
            "q75%": 1216.7072321085463,
            "q25%": 1200.6062125406024,
            "q99%": 1237.4381805819985,
            "q01%": 1180.56053749016,
            "q90%": 1223.775493094769,
            "q10%": 1193.091795224237
        },
        {
            "median": 0.0008959111279703554,
            "sigma": 9.894873270002675e-05,
            "1sigma": [
                0.0007952421226845385,
                0.000993139588084592
            ],
            "2sigma": [
                0.0007147647178919807,
                0.0010936128041335487
            ],
            "3sigma": [
                0.0006296971140685014,
                0.0011437435757400225
            ],
            "5sigma": [
                0.0005834542824647284,
                0.001146550646231638
            ],
            "q75%": 0.0009639036155119181,
            "q25%": 0.0008257233797505315,
            "q99%": 0.0011148821240947228,
            "q01%": 0.0006827385645051637,
            "q90%": 0.0010259441925111878,
            "q10%": 0.000775721131608561
        },
        {
            "median": 60.947432092671455,
            "sigma": 0.8976457054901132,
            "1sigma": [
                60.01292719856326,
                61.80821860954349
            ],
            "2sigma": [
                59.09866732347366,
                62.62783039912207
            ],
            "3sigma": [
                58.00750368464187,
                63.47154544666543
            ],
            "5sigma": [
                57.55363003840508,
                63.92545848239398
            ],
            "q75%": 61.5592485608747,
            "q25%": 60.302557258489536,
            "q99%": 62.891152217331005,
            "q01%": 58.740570899672996,
            "q90%": 61.970342153263395,
            "q10%": 59.7326416909593
        }
    ]
}