,dpdt,T,Kd,MI_radius,Profile
0,0.0006017044507522094,1209.4692358040713,0.0009042407475049121,119.96918410597446,SW_7_10_1
