{
    "modes": [],
    "nested sampling global log-evidence": -3.099764265355795,
    "nested sampling global log-evidence error": 0.08043624724871469,
    "global evidence": -3.099764265355795,
    "global evidence error": 0.08043624724871469,
    "marginals": [
        {
            "median": 0.0006017044507522094,
            "sigma": 0.00019335641289083277,
            "1sigma": [
                0.0004509729548187159,
                0.0008376857806003814
            ],
            "2sigma": [
                0.0003609420872353939,
                0.0012633372333940116
            ],
            "3sigma": [
                0.00025435694377316743,
                0.0029434600810201625
            ],
            "5sigma": [
                0.00019257727803875812,
                9.830796436694602
            ],
            "q75%": 0.0007410368475425262,
            "q25%": 0.000491737510568086,
            "q99%": 0.001558847023090795,
            "q01%": 0.0003312884179265304,
            "q90%": 0.0009451658526439559,
            "q10%": 0.0004229556915194582
        },
        {
            "median": 1209.4692358040713,
            "sigma": 11.789464330958936,
            "1sigma": [
                1197.8424108157503,
                1221.4213394776682
            ],
            "2sigma": [
                1185.29887399624,
                1235.0555685925212
            ],
            "3sigma": [
                1166.0229367430718,
                1246.6458892360035
            ],
            "5sigma": [
                1165.393570254509,
                1253.6115094767158
            ],
            "q75%": 1217.823279268851,
            "q25%": 1201.636334745437,
            "q99%": 1239.285013740809,
            "q01%": 1179.8174962031392,
            "q90%": 1224.91723297058,
            "q10%": 1193.7230579606435
        },
        {
            "median": 0.0009042407475049121,
            "sigma": 9.395652208617824e-05,
            "1sigma": [
                0.0008166079206201822,
                0.0010045209647925387
            ],
            "2sigma": [
                0.0007251775560071926,
                0.0010880366703098223
            ],
            "3sigma": [
                0.00060549124327022,
                0.0011688765721824294
            ],
            "5sigma": [
                0.0005900062497359864,
                0.0012371924861552793
            ],
            "q75%": 0.0009744847130438225,
            "q25%": 0.0008419167261906102,
            "q99%": 0.001120291878484668,
            "q01%": 0.0006875106079247825,
            "q90%": 0.0010239139509280047,
            "q10%": 0.000788686781931401
        },
        {
            "median": 119.96918410597446,
            "sigma": 0.9818247640226332,
            "1sigma": [
                119.04792457860695,
                121.01157410665222
            ],
            "2sigma": [
                118.17376340644887,
                122.01974935881509
            ],
            "3sigma": [
                116.93030590913635,
                122.67657113680494
            ],
            "5sigma": [
                116.74898196188855,
                123.17026904419377
            ],
            "q75%": 120.67447997718288,
            "q25%": 119.33555130026669,
            "q99%": 122.18802373069019,
            "q01%": 117.83766674085444,
            "q90%": 121.2898768137674,
            "q10%": 118.78576119125236
        }
    ]
}