,Median,1 sigma low,1 sigma high,2 sigma low,2 sigma high,1sigma error low,1sigma error high,Profile
0,0.0003559639174539273,0.00029268661334313513,0.0004379764311077111,0.0002457572315391745,0.0005688637630201724,6.327730411079214e-05,8.20125136537838e-05,K97_23_5_1
