,dpdt,T,Kd,MI_radius,Profile
0,0.0003559639174539273,1209.9088741231376,0.0008908814579010004,98.85568848791398,K97_23_5_1
