{
    "modes": [],
    "nested sampling global log-evidence": -3.9206747386474143,
    "nested sampling global log-evidence error": 0.09242391736144508,
    "global evidence": -3.9206747386474143,
    "global evidence error": 0.09242391736144508,
    "marginals": [
        {
            "median": 0.0003559639174539273,
            "sigma": 7.264490888228797e-05,
            "1sigma": [
                0.00029268661334313513,
                0.0004379764311077111
            ],
            "2sigma": [
                0.0002457572315391745,
                0.0005688637630201724
            ],
            "3sigma": [
                0.0002002741730206956,
                0.0007017919816054468
            ],
            "5sigma": [
                0.00015756883616138096,
                0.001344388402945588
            ],
            "q75%": 0.00040564137672610017,
            "q25%": 0.000312510653839836,
            "q99%": 0.0006127862923894971,
            "q01%": 0.000231514124284053,
            "q90%": 0.0004630014057593552,
            "q10%": 0.00028094248519605733
        },
        {
            "median": 1209.9088741231376,
            "sigma": 10.961594665217945,
            "1sigma": [
                1199.3113156038046,
                1221.2345049342405
            ],
            "2sigma": [
                1190.0468481053713,
                1231.0391266352185
            ],
            "3sigma": [
                1181.7330181652553,
                1242.1491851306412
            ],
            "5sigma": [
                1173.154447552419,
                1256.9880863745657
            ],
            "q75%": 1217.5391017153013,
            "q25%": 1202.6712063240739,
            "q99%": 1235.9447831104087,
            "q01%": 1187.0106694632454,
            "q90%": 1224.2256344614275,
            "q10%": 1196.2984172050876
        },
        {
            "median": 0.0008908814579010004,
            "sigma": 9.382782747917122e-05,
            "1sigma": [
                0.0007937155659349202,
                0.0009813712208932626
            ],
            "2sigma": [
                0.0007168606433536953,
                0.001073135087804916
            ],
            "3sigma": [
                0.0006344627463821096,
                0.0011961016071026526
            ],
            "5sigma": [
                0.0006225191361704885,
                0.0012054762009585226
            ],
            "q75%": 0.0009514051004481031,
            "q25%": 0.0008201435971739152,
            "q99%": 0.0011179536098167514,
            "q01%": 0.0006919681657832602,
            "q90%": 0.0010056714646388446,
            "q10%": 0.0007728178276208825
        },
        {
            "median": 98.85568848791398,
            "sigma": 0.9262363316731097,
            "1sigma": [
                97.99672488421866,
                99.84919754756488
            ],
            "2sigma": [
                97.0307355805207,
                100.88889600673507
            ],
            "3sigma": [
                96.20306123540588,
                101.61301392367993
            ],
            "5sigma": [
                95.21406532699065,
                102.57152505445157
            ],
            "q75%": 99.52682744968489,
            "q25%": 98.27466125400842,
            "q99%": 101.0959008770373,
            "q01%": 96.7971671102372,
            "q90%": 100.11622816118768,
            "q10%": 97.7606410281083
        }
    ]
}