,dpdt,T,Kd,MI_radius,Profile
0,0.001997896403332919,1211.6058216813176,0.000889052739988495,72.43100090582956,SW_7_8_1
