{
    "modes": [],
    "nested sampling global log-evidence": -3.944550947347255,
    "nested sampling global log-evidence error": 0.09256126197201466,
    "global evidence": -3.944550947347255,
    "global evidence error": 0.09256126197201466,
    "marginals": [
        {
            "median": 0.001997896403332919,
            "sigma": 0.0003868339078109375,
            "1sigma": [
                0.0016473136533679963,
                0.0024209814689898712
            ],
            "2sigma": [
                0.001386508062244184,
                0.00294063950081492
            ],
            "3sigma": [
                0.0011783939136185573,
                0.0035092205971275097
            ],
            "5sigma": [
                0.0009076485215802024,
                0.005209913689286811
            ],
            "q75%": 0.002297326823795635,
            "q25%": 0.0017428945110306378,
            "q99%": 0.0031678364641539,
            "q01%": 0.0013027204603145639,
            "q90%": 0.0025480627568252806,
            "q10%": 0.0015746299349690186
        },
        {
            "median": 1211.6058216813176,
            "sigma": 12.749148898661701,
            "1sigma": [
                1198.4894076438095,
                1223.987705441133
            ],
            "2sigma": [
                1186.4282794311805,
                1235.8130806059553
            ],
            "3sigma": [
                1177.5980695931505,
                1245.7415815438521
            ],
            "5sigma": [
                1176.3288032246944,
                1248.3932662718369
            ],
            "q75%": 1220.0324510505789,
            "q25%": 1202.2710530815448,
            "q99%": 1241.0691465405062,
            "q01%": 1183.0162483595134,
            "q90%": 1227.7825159080592,
            "q10%": 1194.766293750497
        },
        {
            "median": 0.000889052739988495,
            "sigma": 9.773661772717596e-05,
            "1sigma": [
                0.0007945654419603258,
                0.0009900386774146777
            ],
            "2sigma": [
                0.0007108192177478157,
                0.0010870216096466841
            ],
            "3sigma": [
                0.000612239073259004,
                0.001172937913395794
            ],
            "5sigma": [
                0.0005516623031867034,
                0.0011795312823084901
            ],
            "q75%": 0.000960494401387906,
            "q25%": 0.0008214766611202071,
            "q99%": 0.0011290037955945561,
            "q01%": 0.0006779683204277971,
            "q90%": 0.001014133723702411,
            "q10%": 0.0007709292706422793
        },
        {
            "median": 72.43100090582956,
            "sigma": 0.8730030512490359,
            "1sigma": [
                71.536361984334,
                73.28236808683207
            ],
            "2sigma": [
                70.62847026661062,
                74.06131707939134
            ],
            "3sigma": [
                69.6220360842579,
                75.04215806318823
            ],
            "5sigma": [
                69.10421416776815,
                75.60203765418142
            ],
            "q75%": 73.01315448742496,
            "q25%": 71.80282971285166,
            "q99%": 74.38463527058624,
            "q01%": 70.1999159186628,
            "q90%": 73.53757868913021,
            "q10%": 71.29626746354818
        }
    ]
}