{
    "modes": [],
    "nested sampling global log-evidence": -42.05383690060159,
    "nested sampling global log-evidence error": 0.1683773846810674,
    "global evidence": -42.05383690060159,
    "global evidence error": 0.1683773846810674,
    "marginals": [
        {
            "median": 2277.7113374350083,
            "sigma": 1917.512216962325,
            "1sigma": [
                1095.5476289846467,
                4930.572062909297
            ],
            "2sigma": [
                658.7651648848785,
                8126.630398023977
            ],
            "3sigma": [
                425.05460666483526,
                11984.781235025472
            ],
            "5sigma": [
                288.5874949366417,
                15408.94233190818
            ],
            "q75%": 3926.835973737899,
            "q25%": 1354.2338878778887,
            "q99%": 10078.26930661348,
            "q01%": 577.8185801705191,
            "q90%": 5745.664616386649,
            "q10%": 906.2534915241482
        },
        {
            "median": 4.497068940863269,
            "sigma": 4.141394694045024,
            "1sigma": [
                1.85548745184646,
                10.138276839936509
            ],
            "2sigma": [
                1.028877956373095,
                18.158003045346366
            ],
            "3sigma": [
                0.5048406314284006,
                35.82757965024234
            ],
            "5sigma": [
                0.1610742674771709,
                40.826569151546956
            ],
            "q75%": 7.856772754732473,
            "q25%": 2.3465381041950355,
            "q99%": 23.003894374221865,
            "q01%": 0.832014260589606,
            "q90%": 12.399229161336196,
            "q10%": 1.5884501708484637
        },
        {
            "median": 1230.053386062274,
            "sigma": 11.242302387454743,
            "1sigma": [
                1219.4463091769833,
                1241.9309139518928
            ],
            "2sigma": [
                1209.8600478436724,
                1251.4895527283745
            ],
            "3sigma": [
                1202.118799153328,
                1259.1664415283637
            ],
            "5sigma": [
                1197.3729205002787,
                1266.2070335476624
            ],
            "q75%": 1238.3290397955832,
            "q25%": 1222.3434257784738,
            "q99%": 1254.005594163871,
            "q01%": 1206.9259203473266,
            "q90%": 1245.505853819545,
            "q10%": 1216.4702444775983
        },
        {
            "median": 1208.4868575400958,
            "sigma": 12.565098176754645,
            "1sigma": [
                1195.6038790039586,
                1220.7340753574679
            ],
            "2sigma": [
                1181.9479265664158,
                1233.6803510294906
            ],
            "3sigma": [
                1167.5199405033352,
                1248.6259443241313
            ],
            "5sigma": [
                1155.6534158737497,
                1256.8004928513542
            ],
            "q75%": 1216.4169183307754,
            "q25%": 1200.3094982217774,
            "q99%": 1240.264322103147,
            "q01%": 1178.1889679597957,
            "q90%": 1224.2633064226316,
            "q10%": 1191.995964883081
        },
        {
            "median": -18.308031669590324,
            "sigma": 0.3845376757684935,
            "1sigma": [
                -18.68340469422755,
                -17.914329342690564
            ],
            "2sigma": [
                -19.07625018667828,
                -17.55109730310494
            ],
            "3sigma": [
                -19.439261633392427,
                -17.093096628607558
            ],
            "5sigma": [
                -19.65367280906737,
                -17.046261937349534
            ],
            "q75%": -18.04530653131935,
            "q25%": -18.54933713733827,
            "q99%": -17.430541246785612,
            "q01%": -19.199307293852655,
            "q90%": -17.79701896084377,
            "q10%": -18.79165712683637
        },
        {
            "median": 0.7453145534697709,
            "sigma": 0.09284451836151708,
            "1sigma": [
                0.652346649198374,
                0.8380356859214082
            ],
            "2sigma": [
                0.5628760468581262,
                0.9275934103608472
            ],
            "3sigma": [
                0.47531043057154254,
                0.9997041456268769
            ],
            "5sigma": [
                0.27383929719250766,
                1.0930265328180977
            ],
            "q75%": 0.8071342894937774,
            "q25%": 0.6821208678469207,
            "q99%": 0.955835222284625,
            "q01%": 0.5323377276012626,
            "q90%": 0.8663775025457413,
            "q10%": 0.6259916028266511
        },
        {
            "median": 202685.86335394767,
            "sigma": 9303.886025483996,
            "1sigma": [
                193605.4081822385,
                212213.18023320648
            ],
            "2sigma": [
                187718.39241675186,
                218933.97913248077
            ],
            "3sigma": [
                181298.4983482455,
                223053.54346801472
            ],
            "5sigma": [
                177677.50371074027,
                224319.1953195118
            ],
            "q75%": 209516.59017799626,
            "q25%": 196375.4832132893,
            "q99%": 220025.7007547161,
            "q01%": 186304.94652500018,
            "q90%": 214532.73506217336,
            "q10%": 191323.98182756887
        },
        {
            "median": 0.8949927706946165,
            "sigma": 5.786650533901039e-05,
            "1sigma": [
                0.8949377020646134,
                0.8950534350752914
            ],
            "2sigma": [
                0.8949072624536896,
                0.8950925223193524
            ],
            "3sigma": [
                0.8949000861202683,
                0.8950992150057507
            ],
            "5sigma": [
                0.8949000009229842,
                0.8950998702306291
            ],
            "q75%": 0.8950365946962604,
            "q25%": 0.8949536911581653,
            "q99%": 0.8950968656930837,
            "q01%": 0.8949028245932689,
            "q90%": 0.8950691881516921,
            "q10%": 0.8949276856314452
        },
        {
            "median": 0.8655955742655369,
            "sigma": 0.00018375247355617574,
            "1sigma": [
                0.8653966136404937,
                0.865764118587606
            ],
            "2sigma": [
                0.8652010981742797,
                0.865905322254748
            ],
            "3sigma": [
                0.8650145340245087,
                0.8660994855072351
            ],
            "5sigma": [
                0.8650004442002933,
                0.866303059986732
            ],
            "q75%": 0.8657159957935268,
            "q25%": 0.865466370211042,
            "q99%": 0.8659635920266319,
            "q01%": 0.8650972371165845,
            "q90%": 0.8658075652853848,
            "q10%": 0.8653372527724069
        },
        {
            "median": 0.8587623859497221,
            "sigma": 0.00018134088702381757,
            "1sigma": [
                0.8585533081935848,
                0.8589159899676324
            ],
            "2sigma": [
                0.8582885713230441,
                0.8589844009060613
            ],
            "3sigma": [
                0.8579797772891997,
                0.8589991647252789
            ],
            "5sigma": [
                0.8574043595343993,
                0.8589995285021066
            ],
            "q75%": 0.8588733683659293,
            "q25%": 0.8586331624751624,
            "q99%": 0.8589934905642402,
            "q01%": 0.8581879806609921,