,Median,1 sigma low,1 sigma high,2 sigma low,2 sigma high,1sigma error low,1sigma error high,Profile
0,0.0001464035316941353,0.00011316642770824673,0.0001907291398689291,9.090862540584489e-05,0.0002468282258365936,3.323710398588858e-05,4.432560817479379e-05,K97_23_17_1
