,dpdt,T,Kd,MI_radius,Profile
0,0.0001464035316941353,1208.9290220844198,0.0008924183885702684,89.82216877284466,K97_23_17_1
