{
    "modes": [],
    "nested sampling global log-evidence": -3.537425601621419,
    "nested sampling global log-evidence error": 0.08659103248615393,
    "global evidence": -3.537425601621419,
    "global evidence error": 0.08659103248615393,
    "marginals": [
        {
            "median": 0.0001464035316941353,
            "sigma": 3.8781356080341184e-05,
            "1sigma": [
                0.00011316642770824673,
                0.0001907291398689291
            ],
            "2sigma": [
                9.090862540584489e-05,
                0.0002468282258365936
            ],
            "3sigma": [
                7.322608513853421e-05,
                0.0003609854408114191
            ],
            "5sigma": [
                5.705267040458706e-05,
                0.0010254541442137948
            ],
            "q75%": 0.0001723809262643281,
            "q25%": 0.0001216202177975588,
            "q99%": 0.0002862649844174911,
            "q01%": 8.15988049475754e-05,
            "q90%": 0.00020831608612718628,
            "q10%": 0.00010566585830768775
        },
        {
            "median": 1208.9290220844198,
            "sigma": 11.814457485395792,
            "1sigma": [
                1197.9518635397624,
                1221.580778510554
            ],
            "2sigma": [
                1186.074070017251,
                1232.7997308013591
            ],
            "3sigma": [
                1174.375782040691,
                1242.7502818279193
            ],
            "5sigma": [
                1171.9690632003421,
                1250.141362509127
            ],
            "q75%": 1217.2292823405764,
            "q25%": 1201.744454261721,
            "q99%": 1235.9138542160379,
            "q01%": 1183.9778983007566,
            "q90%": 1224.4393902262398,
            "q10%": 1194.4644493597366
        },
        {
            "median": 0.0008924183885702684,
            "sigma": 9.581673250388809e-05,
            "1sigma": [
                0.000796696802470525,
                0.0009883302674783012
            ],
            "2sigma": [
                0.0007144135530741186,
                0.0010733189283612145
            ],
            "3sigma": [
                0.0006368669363087276,
                0.0011364271938163163
            ],
            "5sigma": [
                0.0005791752832805142,
                0.0011385554091364355
            ],
            "q75%": 0.0009529912790289821,
            "q25%": 0.0008230090924145136,
            "q99%": 0.0011048957541576168,
            "q01%": 0.000682486705546234,
            "q90%": 0.0010118446907823003,
            "q10%": 0.0007703944705819073
        },
        {
            "median": 89.82216877284466,
            "sigma": 0.9756655664597673,
            "1sigma": [
                88.94191157997612,
                90.89324271289566
            ],
            "2sigma": [
                88.21221102794007,
                91.78101205586196
            ],
            "3sigma": [
                86.81036336576767,
                92.88899159419442
            ],
            "5sigma": [
                86.57403376790741,
                93.13372310893877
            ],
            "q75%": 90.57175466766982,
            "q25%": 89.26186902643461,
            "q99%": 92.09933620533387,
            "q01%": 87.80820437616651,
            "q90%": 91.14218770158921,
            "q10%": 88.74437174108182
        }
    ]
}