,dpdt,T,Kd,MI_radius,Profile
0,0.001138243867602504,1209.565917033033,0.0008783661875124701,101.55495611628709,K97_23_16_2
