{
    "modes": [],
    "nested sampling global log-evidence": -4.178373157606668,
    "nested sampling global log-evidence error": 0.09627087537546926,
    "global evidence": -4.178373157606668,
    "global evidence error": 0.09627087537546926,
    "marginals": [
        {
            "median": 0.001138243867602504,
            "sigma": 0.00020765850295361273,
            "1sigma": [
                0.0009455437724064851,
                0.0013608607783137106
            ],
            "2sigma": [
                0.0007916659893079658,
                0.0016198968712114483
            ],
            "3sigma": [
                0.0006609518179303498,
                0.002056331681908379
            ],
            "5sigma": [
                0.000514813688128998,
                0.0031084977954011477
            ],
            "q75%": 0.0012933962381296129,
            "q25%": 0.001002584787274156,
            "q99%": 0.001723573230605887,
            "q01%": 0.0007262256354778978,
            "q90%": 0.001425190049082159,
            "q10%": 0.0008921857057703633
        },
        {
            "median": 1209.565917033033,
            "sigma": 13.08526944186417,
            "1sigma": [
                1195.4942491147601,
                1221.6647879984885
            ],
            "2sigma": [
                1187.063620111159,
                1231.9581893164166
            ],
            "3sigma": [
                1174.1637494879276,
                1248.5944537317177
            ],
            "5sigma": [
                1171.260414485948,
                1249.784234015238
            ],
            "q75%": 1218.1808805891083,
            "q25%": 1199.3525344775305,
            "q99%": 1240.055413092698,
            "q01%": 1182.1706990965697,
            "q90%": 1225.4252945598485,
            "q10%": 1192.4431579167324
        },
        {
            "median": 0.0008783661875124701,
            "sigma": 8.962106125191572e-05,
            "1sigma": [
                0.0007903499539787084,
                0.0009695920764825398
            ],
            "2sigma": [
                0.0007161621040548502,
                0.0010495188227126863
            ],
            "3sigma": [
                0.0006234635917778613,
                0.0011388958799088784
            ],
            "5sigma": [
                0.0005941437245204111,
                0.0011553512268288805
            ],
            "q75%": 0.0009417971333508611,
            "q25%": 0.0008144853525418958,
            "q99%": 0.0010812032402445478,
            "q01%": 0.0006900305223339983,
            "q90%": 0.0009962807562912956,
            "q10%": 0.000771733928928812
        },
        {
            "median": 101.55495611628709,
            "sigma": 0.8376460740948204,
            "1sigma": [
                100.62177982919361,
                102.29707197738325
            ],
            "2sigma": [
                99.87052098117518,
                103.19409013113301
            ],
            "3sigma": [
                98.36719241867272,
                104.33091376596677
            ],
            "5sigma": [
                97.90835264926423,
                104.76991194851702
            ],
            "q75%": 102.05342129729284,
            "q25%": 100.92788816741977,
            "q99%": 103.69123083952215,
            "q01%": 99.44844967696463,
            "q90%": 102.52813422497208,
            "q10%": 100.3934522808493
        }
    ]
}