,dpdt,T,Kd,MI_radius,Profile
0,0.00028336170217264266,1211.1538886945814,0.0009108996498529295,90.9094780005188,K97_23_17_1
