{
    "modes": [],
    "nested sampling global log-evidence": -4.100163340166812,
    "nested sampling global log-evidence error": 0.09513211243199227,
    "global evidence": -4.100163340166812,
    "global evidence error": 0.09513211243199227,
    "marginals": [
        {
            "median": 0.00028336170217264266,
            "sigma": 7.648335902806426e-05,
            "1sigma": [
                0.00021757078640270762,
                0.00037053750445883613
            ],
            "2sigma": [
                0.00016012726863721797,
                0.0004720055930908735
            ],
            "3sigma": [
                0.00012789266577454577,
                0.0005880978606163575
            ],
            "5sigma": [
                9.343895681533736e-05,
                0.0009062494337519856
            ],
            "q75%": 0.0003402780307876472,
            "q25%": 0.00023533256877831377,
            "q99%": 0.0005165137756018184,
            "q01%": 0.00014631826709421888,
            "q90%": 0.0004012900405411271,
            "q10%": 0.00020430215007449692
        },
        {
            "median": 1211.1538886945814,
            "sigma": 12.008541370703028,
            "1sigma": [
                1199.0314697803678,
                1223.048552521774
            ],
            "2sigma": [
                1188.3204700725046,
                1234.017212928159
            ],
            "3sigma": [
                1173.4701969841117,
                1246.099301278131
            ],
            "5sigma": [
                1171.1587314653757,
                1246.4232833941937
            ],
            "q75%": 1219.4734925404334,
            "q25%": 1202.7329200758938,
            "q99%": 1237.6798967088646,
            "q01%": 1182.8722534954752,
            "q90%": 1226.5824335333116,
            "q10%": 1196.4476790553756
        },
        {
            "median": 0.0009108996498529295,
            "sigma": 9.262699035793228e-05,
            "1sigma": [
                0.0008150491596882751,
                0.0010003031404041396
            ],
            "2sigma": [
                0.0007336256665890459,
                0.0010830641424948908
            ],
            "3sigma": [
                0.0005952442392500705,
                0.0011673580071629444
            ],
            "5sigma": [
                0.0005757203399854756,
                0.001254533256840688
            ],
            "q75%": 0.0009782702534993323,
            "q25%": 0.0008474689703869372,
            "q99%": 0.0011197788865962735,
            "q01%": 0.0006929311278081774,
            "q90%": 0.0010292686799574858,
            "q10%": 0.0007927537841856151
        },
        {
            "median": 90.9094780005188,
            "sigma": 9.97359729033635,
            "1sigma": [
                81.17391049257996,
                101.12110507325266
            ],
            "2sigma": [
                73.44324283113745,
                110.19861356471726
            ],
            "3sigma": [
                63.29515865410265,
                116.0428936064464
            ],
            "5sigma": [
                59.60732049888462,
                119.51884413043125
            ],
            "q75%": 97.41551204487112,
            "q25%": 84.09196600790823,
            "q99%": 113.92488285353993,
            "q01%": 70.2862766935596,
            "q90%": 103.36973202080395,
            "q10%": 78.64444737502771
        }
    ]
}