,dpdt,T,Kd,MI_radius,Profile
0,0.0005877305033132731,1208.499087747797,0.0009137052448488203,142.5736145715914,K97_23_16_1
