{
    "modes": [],
    "nested sampling global log-evidence": -3.957126761407229,
    "nested sampling global log-evidence error": 0.09332196489341692,
    "global evidence": -3.957126761407229,
    "global evidence error": 0.09332196489341692,
    "marginals": [
        {
            "median": 0.0005877305033132731,
            "sigma": 0.00012138642658246791,
            "1sigma": [
                0.000484533059776611,
                0.0007273059129415468
            ],
            "2sigma": [
                0.00041901983841735564,
                0.0008629969079568009
            ],
            "3sigma": [
                0.00033073754449791307,
                0.0010966968906296387
            ],
            "5sigma": [
                0.000274948426280378,
                0.0016139350665314305
            ],
            "q75%": 0.0006752812499170804,
            "q25%": 0.0005133198747422598,
            "q99%": 0.0009327476236784698,
            "q01%": 0.00040143502783700024,
            "q90%": 0.0007660254328525835,
            "q10%": 0.0004627562963212411
        },
        {
            "median": 1208.499087747797,
            "sigma": 12.836083166982803,
            "1sigma": [
                1195.7751365043866,
                1221.4473028383522
            ],
            "2sigma": [
                1184.7169581166193,
                1234.934419707723
            ],
            "3sigma": [
                1170.730954432045,
                1243.157521079474
            ],
            "5sigma": [
                1169.6111405695053,
                1245.6531709441363
            ],
            "q75%": 1217.5219839354756,
            "q25%": 1200.3278852810315,
            "q99%": 1239.0499685873813,
            "q01%": 1178.9654863530632,
            "q90%": 1224.9839113872288,
            "q10%": 1192.975617590604
        },
        {
            "median": 0.0009137052448488203,
            "sigma": 9.63831162942222e-05,
            "1sigma": [
                0.0008151080570577864,
                0.0010078742896462308
            ],
            "2sigma": [
                0.0007468146186383684,
                0.0010982711742911662
            ],
            "3sigma": [
                0.000696825388172235,
                0.0011893712520901069
            ],
            "5sigma": [
                0.000690734546259067,
                0.0012149460091641204
            ],
            "q75%": 0.0009774939575515887,
            "q25%": 0.0008436953455515825,
            "q99%": 0.001128227260690104,
            "q01%": 0.0007234783462536057,
            "q90%": 0.0010327737108932022,
            "q10%": 0.0007924030108427608
        },
        {
            "median": 142.5736145715914,
            "sigma": 0.9399965638347538,
            "1sigma": [
                141.55660819288173,
                143.43660132055123
            ],
            "2sigma": [
                140.5589149851003,
                144.20343858413773
            ],
            "3sigma": [
                139.4270108158029,
                145.08172233333153
            ],
            "5sigma": [
                139.38822382754407,
                145.1321475203154
            ],
            "q75%": 143.21181098742892,
            "q25%": 141.91167583344077,
            "q99%": 144.63164820805991,
            "q01%": 140.15250886124676,
            "q90%": 143.70214602295266,
            "q10%": 141.2845363320004
        }
    ]
}