,dpdt,T,Kd,MI_radius,Profile
0,0.0003167148263666941,1208.8485013654345,0.0009085295804130888,61.534860042234925,K97_23_10_1
