{
    "modes": [],
    "nested sampling global log-evidence": -4.256239751079261,
    "nested sampling global log-evidence error": 0.09754609611533714,
    "global evidence": -4.256239751079261,
    "global evidence error": 0.09754609611533714,
    "marginals": [
        {
            "median": 0.0003167148263666941,
            "sigma": 9.947059180759721e-05,
            "1sigma": [
                0.0002321427909237611,
                0.0004310839745389555
            ],
            "2sigma": [
                0.0001911484708562988,
                0.0006244962696344609
            ],
            "3sigma": [
                0.00015602535876358328,
                0.0010340992125257463
            ],
            "5sigma": [
                0.00012932708173955525,
                0.0012196640121916894
            ],
            "q75%": 0.0003859021600204315,
            "q25%": 0.00025228563787030696,
            "q99%": 0.0006869442235840276,
            "q01%": 0.00017554192777592353,
            "q90%": 0.00046834111212005314,
            "q10%": 0.0002161945946240618
        },
        {
            "median": 1208.8485013654345,
            "sigma": 11.848882504320386,
            "1sigma": [
                1196.8913768760694,
                1220.5891418847102
            ],
            "2sigma": [
                1184.468921005445,
                1231.3400997425863
            ],
            "3sigma": [
                1174.690654930335,
                1242.5001348763367
            ],
            "5sigma": [
                1172.2046863683727,
                1245.4005407995332
            ],
            "q75%": 1216.5027860516411,
            "q25%": 1200.788306487537,
            "q99%": 1235.569252438933,
            "q01%": 1181.6350058316893,
            "q90%": 1223.9333296393859,
            "q10%": 1193.2293191038068
        },
        {
            "median": 0.0009085295804130888,
            "sigma": 8.93118622366456e-05,
            "1sigma": [
                0.000813462428320237,
                0.0009920861527935281
            ],
            "2sigma": [
                0.0007175097012664557,
                0.0010886032034341088
            ],
            "3sigma": [
                0.0006284816040826545,
                0.0012157568688540893
            ],
            "5sigma": [
                0.0005826413743648707,
                0.001238109635117827
            ],
            "q75%": 0.0009679143915562477,
            "q25%": 0.0008410801007325973,
            "q99%": 0.0011273474577403934,
            "q01%": 0.0006955075044298923,
            "q90%": 0.001014182380789157,
            "q10%": 0.0007871868743644108
        },
        {
            "median": 61.534860042234925,
            "sigma": 8.815737571453617,
            "1sigma": [
                52.290773771330336,
                69.92224891423757
            ],
            "2sigma": [
                45.16363759215752,
                77.67718795371067
            ],
            "3sigma": [
                34.907015908785574,
                83.10501799230029
            ],
            "5sigma": [
                33.36885424478831,
                84.14287414871751
            ],
            "q75%": 67.41048107110808,
            "q25%": 55.32672500027941,
            "q99%": 80.53010751905325,
            "q01%": 40.89324341010394,
            "q90%": 71.9963875621894,
            "q10%": 50.252103807489284
        }
    ]
}