,dpdt,T,Kd,MI_radius,Profile
0,0.0008437001138974953,1209.3089076794322,0.0009202312515911099,60.8247093810097,K97_23_4_1
