,Median,1 sigma low,1 sigma high,2 sigma low,2 sigma high,1sigma error low,1sigma error high,Profile
0,0.0008437001138974953,0.0006928957789123093,0.001037144455397332,0.0005723524860067592,0.0012707507556799814,0.000150804334985186,0.00019344434149983674,K97_23_4_1
