{
    "modes": [],
    "nested sampling global log-evidence": -3.8406513829705147,
    "nested sampling global log-evidence error": 0.09137014215378907,
    "global evidence": -3.8406513829705147,
    "global evidence error": 0.09137014215378907,
    "marginals": [
        {
            "median": 0.0008437001138974953,
            "sigma": 0.00017212433824251137,
            "1sigma": [
                0.0006928957789123093,
                0.001037144455397332
            ],
            "2sigma": [
                0.0005723524860067592,
                0.0012707507556799814
            ],
            "3sigma": [
                0.00045249397445006946,
                0.0015700165759304767
            ],
            "5sigma": [
                0.00033583835983897056,
                0.0025086475404724226
            ],
            "q75%": 0.0009676325329188398,
            "q25%": 0.0007370422145392519,
            "q99%": 0.001367841734888952,
            "q01%": 0.00053941846047696,
            "q90%": 0.0010968027577980797,
            "q10%": 0.0006575740958780152
        },
        {
            "median": 1209.3089076794322,
            "sigma": 11.95487949662197,
            "1sigma": [
                1197.477804681835,
                1221.387563675079
            ],
            "2sigma": [
                1186.4216264048907,
                1234.2627461120774
            ],
            "3sigma": [
                1175.223153288926,
                1242.776461810234
            ],
            "5sigma": [
                1171.983944558437,
                1251.2046020968212
            ],
            "q75%": 1217.2656223969118,
            "q25%": 1201.4148859232596,
            "q99%": 1240.0698595328308,
            "q01%": 1181.2513384577626,
            "q90%": 1224.99911543158,
            "q10%": 1194.2383973558512
        },
        {
            "median": 0.0009202312515911099,
            "sigma": 9.550861282466228e-05,
            "1sigma": [
                0.000819965834612904,
                0.0010109830602622286
            ],
            "2sigma": [
                0.0007435153421548925,
                0.0010935699839701028
            ],
            "3sigma": [
                0.0006720589395012079,
                0.0011924596793138394
            ],
            "5sigma": [
                0.0006526378949549006,
                0.0012304326534161394
            ],
            "q75%": 0.0009853791717982156,
            "q25%": 0.0008453380914063266,
            "q99%": 0.001125757564249487,
            "q01%": 0.000711600744498934,
            "q90%": 0.001035726369357413,
            "q10%": 0.0007963195345436685
        },
        {
            "median": 60.8247093810097,
            "sigma": 0.9515934561678989,
            "1sigma": [
                59.91244711269253,
                61.81563402502833
            ],
            "2sigma": [
                58.95460533683122,
                62.71800396626386
            ],
            "3sigma": [
                58.07555455749892,
                63.74328710385942
            ],
            "5sigma": [
                57.68605134546646,
                64.02847565081214
            ],
            "q75%": 61.50941885101722,
            "q25%": 60.186911606150616,
            "q99%": 62.96158845922831,
            "q01%": 58.72704030039176,
            "q90%": 62.11429478992588,
            "q10%": 59.68022403120606
        }
    ]
}