,dpdt,T,Kd,MI_radius,Profile
0,0.00042138441283606683,1207.12679644561,0.0008897273654614209,91.50512907921538,K97_23_16_3
