,Median,1 sigma low,1 sigma high,2 sigma low,2 sigma high,1sigma error low,1sigma error high,Profile
0,0.00042138441283606683,0.00033461338971543976,0.000518395267887841,0.0002837673567353509,0.0006508179121821994,8.677102312062708e-05,9.701085505177414e-05,K97_23_16_3
