{
    "modes": [],
    "nested sampling global log-evidence": -3.8436946121007884,
    "nested sampling global log-evidence error": 0.09129082624879084,
    "global evidence": -3.8436946121007884,
    "global evidence error": 0.09129082624879084,
    "marginals": [
        {
            "median": 0.00042138441283606683,
            "sigma": 9.189093908620061e-05,
            "1sigma": [
                0.00033461338971543976,
                0.000518395267887841
            ],
            "2sigma": [
                0.0002837673567353509,
                0.0006508179121821994
            ],
            "3sigma": [
                0.0002323138206140868,
                0.0008855039642059783
            ],
            "5sigma": [
                0.00017811796455155933,
                0.001649682698664017
            ],
            "q75%": 0.00048202910138072313,
            "q25%": 0.0003611805683611196,
            "q99%": 0.0007292763867893874,
            "q01%": 0.0002592206893027664,
            "q90%": 0.000550582545368543,
            "q10%": 0.0003199942612917299
        },
        {
            "median": 1207.12679644561,
            "sigma": 12.54626879595287,
            "1sigma": [
                1195.6121679443809,
                1220.7047055362866
            ],
            "2sigma": [
                1183.1952746700217,
                1232.2548587339047
            ],
            "3sigma": [
                1168.2925898071403,
                1246.1605697867824
            ],
            "5sigma": [
                1167.4773147134629,
                1252.1258666428198
            ],
            "q75%": 1216.382721030632,
            "q25%": 1198.9904192928957,
            "q99%": 1237.6167559433732,
            "q01%": 1178.810162687643,
            "q90%": 1224.1284679593928,
            "q10%": 1192.9312512457054
        },
        {
            "median": 0.0008897273654614209,
            "sigma": 9.69906270355869e-05,
            "1sigma": [
                0.0007993978513737051,
                0.000993379105444879
            ],
            "2sigma": [
                0.0007186441467353201,
                0.0010756875268063976
            ],
            "3sigma": [
                0.0005971820212178144,
                0.001209134286165367
            ],
            "5sigma": [
                0.0005923289037053462,
                0.0012419648887903997
            ],
            "q75%": 0.0009592019966602568,
            "q25%": 0.0008270086378850353,
            "q99%": 0.0011111024528952654,
            "q01%": 0.0006990809602644352,
            "q90%": 0.001015201692166749,
            "q10%": 0.0007781904430895167
        },
        {
            "median": 91.50512907921538,
            "sigma": 0.949127640753396,
            "1sigma": [
                90.52604049594602,
                92.42429577745281
            ],
            "2sigma": [
                89.72316639735546,
                93.18555680992203
            ],
            "3sigma": [
                88.68988289416555,
                94.48136568792053
            ],
            "5sigma": [
                88.31316173264138,
                94.69494058644027
            ],
            "q75%": 92.12602507369913,
            "q25%": 90.78475638331814,
            "q99%": 93.68364435193624,
            "q01%": 89.52372320712462,
            "q90%": 92.62843888191622,
            "q10%": 90.27434783510635
        }
    ]
}