,Median,1 sigma low,1 sigma high,2 sigma low,2 sigma high,1sigma error low,1sigma error high,Profile
0,0.00013583780281445156,0.00010059738723342057,0.0001896806866352117,7.812639642639779e-05,0.0002767139257507751,3.5240415581030995e-05,5.384288382076014e-05,SW_7_10_1
