,dpdt,T,Kd,MI_radius,Profile
0,0.00013583780281445156,1209.6282021929753,0.0009041238974102012,120.11460915749203,SW_7_10_1
