{
    "modes": [],
    "nested sampling global log-evidence": -3.1526380524987045,
    "nested sampling global log-evidence error": 0.08100969328273028,
    "global evidence": -3.1526380524987045,
    "global evidence error": 0.08100969328273028,
    "marginals": [
        {
            "median": 0.00013583780281445156,
            "sigma": 4.454164970089557e-05,
            "1sigma": [
                0.00010059738723342057,
                0.0001896806866352117
            ],
            "2sigma": [
                7.812639642639779e-05,
                0.0002767139257507751
            ],
            "3sigma": [
                6.117112122225817e-05,
                0.0006671655583837982
            ],
            "5sigma": [
                4.432960808824074e-05,
                9.961200839072928
            ],
            "q75%": 0.00016660065547113295,
            "q25%": 0.00011056736126661065,
            "q99%": 0.0003497260870804528,
            "q01%": 7.009584201103651e-05,
            "q90%": 0.00020644811584789595,
            "q10%": 9.230437292355571e-05
        },
        {
            "median": 1209.6282021929753,
            "sigma": 13.09214892761372,
            "1sigma": [
                1196.782961618815,
                1222.9672594740425
            ],
            "2sigma": [
                1184.7813899556845,
                1234.3757699343325
            ],
            "3sigma": [
                1167.861201327899,
                1244.3024871755085
            ],
            "5sigma": [
                1167.3066650076269,
                1252.5047924979103
            ],
            "q75%": 1218.8025104891497,
            "q25%": 1201.0160525397635,
            "q99%": 1238.7084027629892,
            "q01%": 1180.8356906733286,
            "q90%": 1225.9719703415753,
            "q10%": 1193.764419624799
        },
        {
            "median": 0.0009041238974102012,
            "sigma": 9.75086191477713e-05,
            "1sigma": [
                0.0008024294786653794,
                0.000997446716960922
            ],
            "2sigma": [
                0.000719035439618776,
                0.001072228529696944
            ],
            "3sigma": [
                0.0006407932667708812,
                0.0011921854552736652
            ],
            "5sigma": [
                0.0006080843474276679,
                0.0012273001150136806
            ],
            "q75%": 0.0009668436949314127,
            "q25%": 0.0008331903827965109,
            "q99%": 0.0011100893188192454,
            "q01%": 0.0006933458039516803,
            "q90%": 0.0010179723360444351,
            "q10%": 0.0007790901574133612
        },
        {
            "median": 120.11460915749203,
            "sigma": 0.9761379152595495,
            "1sigma": [
                119.13745944512043,
                121.08973527563953
            ],
            "2sigma": [
                118.2283236896317,
                121.88061947855809
            ],
            "3sigma": [
                117.20819548869444,
                122.8132524099913
            ],
            "5sigma": [
                115.6716105648879,
                123.20415344887182
            ],
            "q75%": 120.74413518390381,
            "q25%": 119.45453104944832,
            "q99%": 122.16059068063107,
            "q01%": 117.78174347458233,
            "q90%": 121.3542679289507,
            "q10%": 118.83687458318113
        }
    ]
}