{
    "modes": [],
    "nested sampling global log-evidence": -41.884882317056714,
    "nested sampling global log-evidence error": 0.18448760726133037,
    "global evidence": -41.884882317056714,
    "global evidence error": 0.18448760726133037,
    "marginals": [
        {
            "median": 0.24723067322362374,
            "sigma": 0.20411123102736356,
            "1sigma": [
                0.1339497480081021,
                0.5421722100628292
            ],
            "2sigma": [
                0.10509077681491319,
                1.1099596689578974
            ],
            "3sigma": [
                0.10030522742334017,
                2.3897857460330196
            ],
            "5sigma": [
                0.10003334075093778,
                5.445672679624245
            ],
            "q75%": 0.40417333832968483,
            "q25%": 0.1588013388788029,
            "q99%": 1.41412734484177,
            "q01%": 0.1019179046030744,
            "q90%": 0.674883659493444,
            "q10%": 0.12180598728340397
        },
        {
            "median": 3.8646042211586495,
            "sigma": 1.2409284019623426,
            "1sigma": [
                2.7988138315253006,
                5.280670635449986
            ],
            "2sigma": [
                2.0881641507812074,
                7.1099096980171534
            ],
            "3sigma": [
                1.5501553699219146,
                9.631477414086207
            ],
            "5sigma": [
                1.1745256259510959,
                14.484006752693459
            ],
            "q75%": 4.787126163301237,
            "q25%": 3.1071121884524637,
            "q99%": 7.923961041458057,
            "q01%": 1.840937220040134,
            "q90%": 5.7769340769204245,
            "q10%": 2.548575002925175
        },
        {
            "median": 1184.5453329273867,
            "sigma": 13.394803675875096,
            "1sigma": [
                1171.288916236958,
                1198.078523588708
            ],
            "2sigma": [
                1157.6585537185317,
                1211.5342791132248
            ],
            "3sigma": [
                1142.1147952388599,
                1225.3622796457942
            ],
            "5sigma": [
                1133.160806782717,
                1234.2221799738597
            ],
            "q75%": 1193.5850993628035,
            "q25%": 1175.8171122350632,
            "q99%": 1217.3927866691013,
            "q01%": 1152.0377478450375,
            "q90%": 1201.7140883938343,
            "q10%": 1167.3456841584602
        },
        {
            "median": 1204.7326564865102,
            "sigma": 13.468498487331317,
            "1sigma": [
                1191.3805200861298,
                1218.3175170607924
            ],
            "2sigma": [
                1179.535592732827,
                1232.5550269543808
            ],
            "3sigma": [
                1168.7960451023564,
                1243.0237833581025
            ],
            "5sigma": [
                1166.1890158927886,
                1252.4792250239877
            ],
            "q75%": 1213.4515170912812,
            "q25%": 1195.760743362518,
            "q99%": 1236.2561047062313,
            "q01%": 1174.6075749812917,
            "q90%": 1222.7922625160522,
            "q10%": 1187.533903973117
        },
        {
            "median": -18.67872781120143,
            "sigma": 0.46852124602632017,
            "1sigma": [
                -19.149349463940098,
                -18.212306971887458
            ],
            "2sigma": [
                -19.582586664018045,
                -17.72247636870159
            ],
            "3sigma": [
                -20.185574396704485,
                -17.352769517332558
            ],
            "5sigma": [
                -20.29403739552806,
                -16.89257069817777
            ],
            "q75%": -18.36668529392118,
            "q25%": -18.976420549000775,
            "q99%": -17.57549992089287,
            "q01%": -19.78178233398659,
            "q90%": -18.062722723355265,
            "q10%": -19.278125196362964
        },
        {
            "median": 0.4029754905618549,
            "sigma": 0.0897868204900722,
            "1sigma": [
                0.3100834580384522,
                0.4896570990185966
            ],
            "2sigma": [
                0.21266921178748205,
                0.5867773835679607
            ],
            "3sigma": [
                0.09970899058857657,
                0.7011932921644017
            ],
            "5sigma": [
                0.05546674349259871,
                0.7823397592662726
            ],
            "q75%": 0.4623103901485609,
            "q25%": 0.34194366328700837,
            "q99%": 0.6357879234122192,
            "q01%": 0.1759851532756754,
            "q90%": 0.5222542417618706,
            "q10%": 0.2864392839114433
        },
        {
            "median": 0.8488539111640114,
            "sigma": 0.00016044207660359522,
            "1sigma": [
                0.8487104273414859,
                0.8490313114946931
            ],
            "2sigma": [
                0.8485574714160312,
                0.8492093181555107
            ],
            "3sigma": [
                0.8483882865699397,
                0.8494485670890968
            ],
            "5sigma": [
                0.848167290138735,
                0.8500014487504545
            ],
            "q75%": 0.8489720722535414,
            "q25%": 0.8487591686688697,
            "q99%": 0.8493071924806119,
            "q01%": 0.8484935138620309,
            "q90%": 0.8490802081837195,
            "q10%": 0.8486601866451464
        },
        {
            "median": 0.8366713931380956,
            "sigma": 0.00024363918349723512,
            "1sigma": [
                0.8363871026550613,
                0.8368743810220558
            ],
            "2sigma": [
                0.8359850637247169,
                0.8369786059479959
            ],
            "3sigma": [
                0.8352401052256763,
                0.8369989245753525
            ],
            "5sigma": [
                0.8340241244439697,
                0.8369997998962859
            ],
            "q75%": 0.8368144134113397,
            "q25%": 0.8364930035866248,
            "q99%": 0.8369904085792629,
            "q01%": 0.8357272859545543,
            "q90%": 0.8369205285359825,
            "q10%": 0.8363053447483663
        },
        {
            "median": 0.8509626878129912,
            "sigma": 0.0002818509671372871,
            "1sigma": [
                0.8506781422646201,
                0.8512418441988947
            ],
            "2sigma": [
                0.8504282860026225,
                0.8515186157456164
            ],
            "3sigma": [
                0.850146299779539,
                0.8518110360588246
            ],
            "5sigma": [
                0.8495342701573528,
                0.8519765796307568
            ],
            "q75%": 0.8511601737370291,
            "q25%": 0.8507753491289282,
            "q99%": 0.8515904357788573,
            "q01%": 0.8503177480788515,
            "q90%": 0.8513187645898477,
            "q10%": 0.8506037372767417
        },
        {
            "median": 119.8322355893998,
            "sigma": 0.893197055326965,
            "1sigma": [
                118.90838462330865,
                120.69477873396258
            ],
            "2sigma": [
                117.7423864241069,
                121.44168919552699
            ],
            "3sigma": [
                116.21342604973692,
                122.40824452602344
            ],
            "5sigma": [
                112.44616804643334,
                123.83697543688095
            ],
            "q75%": 120.41337783368304,
            "q25%": 119.25125858315558,
            "q99%": 121.65887713207518,