{
    "modes": [],
    "nested sampling global log-evidence": -13.794394238914874,
    "nested sampling global log-evidence error": 0.11464835349362336,
    "global evidence": -13.794394238914874,
    "global evidence error": 0.11464835349362336,
    "marginals": [
        {
            "median": 24.669308079015714,
            "sigma": 12.541519129607309,
            "1sigma": [
                14.216480330508693,
                39.29951858972331
            ],
            "2sigma": [
                9.515435622917531,
                59.174974959064066
            ],
            "3sigma": [
                7.237743772954745,
                76.99373458917263
            ],
            "5sigma": [
                4.9422939915204305,
                92.46874866526291
            ],
            "q75%": 33.92234471801061,
            "q25%": 16.912451554800747,
            "q99%": 65.99928278611993,
            "q01%": 8.365931123777393,
            "q90%": 44.55052320385777,
            "q10%": 12.455264042341291
        },
        {
            "median": 1207.5669831630375,
            "sigma": 12.54253849906479,
            "1sigma": [
                1194.9924592704901,
                1220.0775362686197
            ],
            "2sigma": [
                1181.2143847963948,
                1233.298677974151
            ],
            "3sigma": [
                1168.4677738546245,
                1246.4526496925462
            ],
            "5sigma": [
                1163.5208504644788,
                1251.8219589931823
            ],
            "q75%": 1215.7919059666044,
            "q25%": 1198.9345083929186,
            "q99%": 1238.445762014657,
            "q01%": 1177.1074841316884,
            "q90%": 1223.3521436897752,
            "q10%": 1191.5875876799075
        },
        {
            "median": -18.642483293265236,
            "sigma": 0.3894768692733006,
            "1sigma": [
                -19.027925355855334,
                -18.248971617308733
            ],
            "2sigma": [
                -19.480782283337824,
                -17.776794264575727
            ],
            "3sigma": [
                -19.92630003951715,
                -17.38117686149887
            ],
            "5sigma": [
                -20.14003026937064,
                -17.36127491199411
            ],
            "q75%": -18.37778013802511,
            "q25%": -18.902051102883085,
            "q99%": -17.658674790019592,
            "q01%": -19.651845437061038,
            "q90%": -18.12430623983142,
            "q10%": -19.163801480985168
        },
        {
            "median": 0.39422224721540505,
            "sigma": 0.08342801936951783,
            "1sigma": [
                0.3096297941555574,
                0.47648583289459306
            ],
            "2sigma": [
                0.21097622208411154,
                0.5675733678187962
            ],
            "3sigma": [
                0.12842320913030758,
                0.6414878575106266
            ],
            "5sigma": [
                0.029164756509371337,
                0.700304877298922
            ],
            "q75%": 0.4513507352592877,
            "q25%": 0.33749735425249383,
            "q99%": 0.5949451312981272,
            "q01%": 0.17859172203630969,
            "q90%": 0.5001118951573225,
            "q10%": 0.2799255603244197
        },
        {
            "median": 0.8507450088610548,
            "sigma": 0.00016720997529456882,
            "1sigma": [
                0.8505558998465252,
                0.8508903197971144
            ],
            "2sigma": [
                0.8503631715784344,
                0.8509742190295284
            ],
            "3sigma": [
                0.8501357335330714,
                0.8509983244319688
            ],
            "5sigma": [
                0.8495941366095884,
                0.850999633422205
            ],
            "q75%": 0.8508489571889536,
            "q25%": 0.8506134830847215,
            "q99%": 0.8509871211293818,
            "q01%": 0.8502782842299452,
            "q90%": 0.8509167496330501,
            "q10%": 0.8505003750699213
        },
        {
            "median": 0.8435435264235379,
            "sigma": 0.0002982083663794488,
            "1sigma": [
                0.8431840787774681,
                0.843780495510227
            ],
            "2sigma": [
                0.8426549232342191,
                0.8439378950550651
            ],
            "3sigma": [
                0.8421421003077775,
                0.843997131654533
            ],
            "5sigma": [
                0.8420238397247822,
                0.8439983407399175
            ],
            "q75%": 0.8437052175063611,
            "q25%": 0.8433215024289079,
            "q99%": 0.8439656561438724,
            "q01%": 0.8424228358886222,
            "q90%": 0.843834229788655,
            "q10%": 0.843043888532122
        },
        {
            "median": 30.722733901298245,
            "sigma": 11.404309006800144,
            "1sigma": [
                14.034523683071326,
                36.843141696671616
            ],
            "2sigma": [
                3.451818533159948,
                40.97663734123041
            ],
            "3sigma": [
                0.35411836033515565,
                44.7680537382522
            ],
            "5sigma": [
                0.14610455426171645,
                54.6447987287888
            ],
            "q75%": 35.28369266867247,
            "q25%": 21.090084674532154,
            "q99%": 42.33665216436305,
            "q01%": 1.6451706865476614,
            "q90%": 37.95684859739801,
            "q10%": 10.02229689362554
        },
        {
            "median": -6.794560975254812,
            "sigma": 0.6926978427943267,
            "1sigma": [
                -7.492457889501122,
                -6.107062203912468
            ],
            "2sigma": [
                -8.173955633396801,
                -5.3796904167276995
            ],
            "3sigma": [
                -9.008066614450907,
                -4.603272881089205
            ],
            "5sigma": [
                -9.44487796404541,
                -4.511858391839593
            ],
            "q75%": -6.33690729788629,
            "q25%": -7.236231294837756,
            "q99%": -5.185391390558532,
            "q01%": -8.481822690345735,
            "q90%": -5.936892025163287,
            "q10%": -7.673545569780858
        },
        {
            "median": 0.22150577834496202,
            "sigma": 0.023253732762114385,
            "1sigma": [
                0.19820552466117455,
                0.24471299018540332
            ],
            "2sigma": [
                0.17380365635483702,
                0.2692865856465812
            ],
            "3sigma": [
                0.14844919844478702,
                0.2897571465150908
            ],
            "5sigma": [
                0.1311595857385658,
                0.297315282840542
            ],
            "q75%": 0.23767713466871918,
            "q25%": 0.2058357092795459,
            "q99%": 0.2774077290528537,
            "q01%": 0.1634650931963622,
            "q90%": 0.2516713041424198,
            "q10%": 0.19040597314767874
        },
        {
            "median": -7.169394330739655,
            "sigma": 0.3106364449169594,
            "1sigma": [
                -7.497643691702706,
                -6.876370801868787
            ],
            "2sigma": [
                -7.81518560607025,
                -6.587857614532322
            ],
            "3sigma": [
                -8.190382719784486,
                -6.304436180042876
            ],
            "5sigma": [
                -8.426870127198686,
                -6.113978726831874
            ],
            "q75%": -6.981379768574628,
            "q25%": -7.393586791910409,
            "q99%": -6.458226462481452,