{
    "modes": [],
    "nested sampling global log-evidence": -41.87243389596566,
    "nested sampling global log-evidence error": 0.16745443186585882,
    "global evidence": -41.87243389596566,
    "global evidence error": 0.16745443186585882,
    "marginals": [
        {
            "median": 1059.9054555319701,
            "sigma": 230.79884047772316,
            "1sigma": [
                859.9116750539288,
                1321.509356009375
            ],
            "2sigma": [
                702.952883089736,
                1615.562579337906
            ],
            "3sigma": [
                612.0791612655721,
                1930.6827083819244
            ],
            "5sigma": [
                560.2457468611433,
                2128.234232313034
            ],
            "q75%": 1234.5836819026185,
            "q25%": 920.1003435956503,
            "q99%": 1728.5983894259452,
            "q01%": 673.6606661728143,
            "q90%": 1398.634882212339,
            "q10%": 805.8028057794594
        },
        {
            "median": 1.9471161817666762,
            "sigma": 0.7727772913528385,
            "1sigma": [
                1.292242164441882,
                2.837796747147559
            ],
            "2sigma": [
                0.8962205049655698,
                3.8509145327519336
            ],
            "3sigma": [
                0.6574307159423848,
                5.068630589503963
            ],
            "5sigma": [
                0.31412300757709155,
                6.86910826327078
            ],
            "q75%": 2.485455862525827,
            "q25%": 1.4919387261696928,
            "q99%": 4.299710120512479,
            "q01%": 0.76074648296015,
            "q90%": 3.131369602940692,
            "q10%": 1.1746892597601613
        },
        {
            "median": 1229.0671876367007,
            "sigma": 11.51242634833693,
            "1sigma": [
                1217.5353451364256,
                1240.5601978330994
            ],
            "2sigma": [
                1209.27461597006,
                1250.374226224507
            ],
            "3sigma": [
                1202.6151237345741,
                1257.9924029465938
            ],
            "5sigma": [
                1196.0875889494343,
                1261.6894051472734
            ],
            "q75%": 1236.261692519172,
            "q25%": 1221.4217042133628,
            "q99%": 1253.123573742221,
            "q01%": 1206.791750649113,
            "q90%": 1244.3163965550993,
            "q10%": 1214.7444532849622
        },
        {
            "median": 1211.4876958906905,
            "sigma": 11.884199431372963,
            "1sigma": [
                1199.278393817984,
                1223.0467926807298
            ],
            "2sigma": [
                1185.6862865044798,
                1236.2892121661882
            ],
            "3sigma": [
                1172.5923787523675,
                1253.0393090123603
            ],
            "5sigma": [
                1167.9014591055775,
                1262.062750097813
            ],
            "q75%": 1218.8778676817817,
            "q25%": 1203.1862668853087,
            "q99%": 1241.30865582167,
            "q01%": 1181.7399172995092,
            "q90%": 1226.9101919001287,
            "q10%": 1195.8076554335241
        },
        {
            "median": -18.32414054700574,
            "sigma": 0.3636979410612433,
            "1sigma": [
                -18.69987182958751,
                -17.972475947465025
            ],
            "2sigma": [
                -19.001267028349574,
                -17.64419365421664
            ],
            "3sigma": [
                -19.363125943034085,
                -17.287436714780473
            ],
            "5sigma": [
                -19.74145031951457,
                -17.236355698800708
            ],
            "q75%": -18.085820197979636,
            "q25%": -18.57199006948607,
            "q99%": -17.53448250198363,
            "q01%": -19.100163281721226,
            "q90%": -17.849801725855528,
            "q10%": -18.81217179420458
        },
        {
            "median": 0.7386481895669008,
            "sigma": 0.07916262625453574,
            "1sigma": [
                0.6583748839806214,
                0.8167001364896929
            ],
            "2sigma": [
                0.5628274190961091,
                0.9095717651015168
            ],
            "3sigma": [
                0.4146525213003779,
                0.9928146207209095
            ],
            "5sigma": [
                0.3863081666507926,
                1.014742179014775
            ],
            "q75%": 0.7938343449958511,
            "q25%": 0.6868363216689513,
            "q99%": 0.9501209397900715,
            "q01%": 0.53298317069173,
            "q90%": 0.8440906927628958,
            "q10%": 0.633010633075047
        },
        {
            "median": 0.894997300789993,
            "sigma": 5.820867302047672e-05,
            "1sigma": [
                0.8949393990379952,
                0.8950558163840362
            ],
            "2sigma": [
                0.8949048190707838,
                0.8950918291424246
            ],
            "3sigma": [
                0.8949003912452157,
                0.8950995088165394
            ],
            "5sigma": [
                0.894900063786667,
                0.8950999872474772
            ],
            "q75%": 0.8950376131661897,
            "q25%": 0.8949575303251914,
            "q99%": 0.8950962421027742,
            "q01%": 0.8949020342465915,
            "q90%": 0.895068994406821,
            "q10%": 0.894925996472808
        },
        {
            "median": 0.8656207786406327,
            "sigma": 0.00016220365115537927,
            "1sigma": [
                0.8654504900196609,
                0.8657748973219717
            ],
            "2sigma": [
                0.8652582935359922,
                0.8659193604233655
            ],
            "3sigma": [
                0.8650627299607105,
                0.8660994014098954
            ],
            "5sigma": [
                0.8650006677405947,
                0.8664550662917211
            ],
            "q75%": 0.8657276165381875,
            "q25%": 0.8654976109051777,
            "q99%": 0.8659903031358639,
            "q01%": 0.8651948492243744,
            "q90%": 0.8658242098912445,
            "q10%": 0.865402184463181
        },
        {
            "median": 0.8587482960992314,
            "sigma": 0.00018415093510087965,
            "1sigma": [
                0.8585379092147701,
                0.8589062110849719
            ],
            "2sigma": [
                0.8582810151301725,
                0.8589821392560528
            ],
            "3sigma": [
                0.8579277414611026,
                0.8589986006214733
            ],
            "5sigma": [
                0.8573653987795029,
                0.8589995946233602
            ],
            "q75%": 0.8588610138832179,
            "q25%": 0.8586195197042878,
            "q99%": 0.8589930618720251,
            "q01%": 0.8581850991798514,
            "q90%": 0.8589384784948018,
            "q10%": 0.8584588262295028
        },
        {
            "median": 68.59777245307349,
            "sigma": 21.20568937532995,
            "1sigma": [
                46.22818011727065,
                88.63955886793055
            ],
            "2sigma": [
                34.13468046409753,
                97.63466409255759
            ],
            "3sigma": [
                30.16664485430927,
                99.75917782149983
            ],
            "5sigma": [
                30.01965559319947,
                99.98149547265483
            ],
            "q75%": 82.29051731733169,
            "q25%": 52.48711327729462,
            "q99%": 99.02303473871761,
            "q01%": 31.990440994192156,