,dpdt,T,Kd,MI_radius,Profile
0,0.00029738704407702765,1210.8536338360304,0.0009006940718440524,87.53769229917114,SW_7_2_1
