{
    "modes": [],
    "nested sampling global log-evidence": -4.123726195197856,
    "nested sampling global log-evidence error": 0.09543994797025372,
    "global evidence": -4.123726195197856,
    "global evidence error": 0.09543994797025372,
    "marginals": [
        {
            "median": 0.00029738704407702765,
            "sigma": 7.271375811361287e-05,
            "1sigma": [
                0.0002379897616231963,
                0.000383417277850422
            ],
            "2sigma": [
                0.00019090832835445658,
                0.0004713890875913323
            ],
            "3sigma": [
                0.00015419472993755693,
                0.0005968208642683619
            ],
            "5sigma": [
                0.00010337629969511056,
                0.000849998986988021
            ],
            "q75%": 0.0003518409933523411,
            "q25%": 0.0002532110611506132,
            "q99%": 0.0005084550193296372,
            "q01%": 0.00016924778344054,
            "q90%": 0.00040859753802992613,
            "q10%": 0.00022146643933332644
        },
        {
            "median": 1210.8536338360304,
            "sigma": 11.847089119360362,
            "1sigma": [
                1198.5995591413284,
                1222.2937373800492
            ],
            "2sigma": [
                1187.2977828376627,
                1233.9092012069914
            ],
            "3sigma": [
                1173.4294129462144,
                1248.0670632292718
            ],
            "5sigma": [
                1163.5066885387625,
                1249.0703082943164
            ],
            "q75%": 1218.6945788724,
            "q25%": 1202.114719125084,
            "q99%": 1239.2455513178083,
            "q01%": 1183.78024280963,
            "q90%": 1225.7183865411328,
            "q10%": 1195.4986913494963
        },
        {
            "median": 0.0009006940718440524,
            "sigma": 8.930368773319585e-05,
            "1sigma": [
                0.0008118343315385567,
                0.0009904417070049484
            ],
            "2sigma": [
                0.0007166080209099265,
                0.0010773952558690409
            ],
            "3sigma": [
                0.0006254307511608829,
                0.0011456932112603058
            ],
            "5sigma": [
                0.0005887615570043121,
                0.0011575854046925263
            ],
            "q75%": 0.0009631593509930658,
            "q25%": 0.0008413261930256072,
            "q99%": 0.0011081000965787828,
            "q01%": 0.0006787551780222896,
            "q90%": 0.0010152503810686357,
            "q10%": 0.0007877058945524827
        },
        {
            "median": 87.53769229917114,
            "sigma": 8.288419822948036,
            "1sigma": [
                79.29636368124902,
                95.87320332714509
            ],
            "2sigma": [
                71.45453295703186,
                105.22844824909654
            ],
            "3sigma": [
                66.31977268276371,
                114.48767571418291
            ],
            "5sigma": [
                60.81174681100306,
                115.882260648122
            ],
            "q75%": 93.2898184129647,
            "q25%": 81.96382913306103,
            "q99%": 109.24489569756783,
            "q01%": 68.13167752826766,
            "q90%": 98.5816941313487,
            "q10%": 77.16784228580595
        }
    ]
}