,dpdt,T,Kd,MI_radius,Profile
0,6.565163286509075e-05,1209.7869973423446,0.0009105262211974647,89.14318712202723,SW_7_2_1
