{
    "modes": [],
    "nested sampling global log-evidence": -4.136353125663535,
    "nested sampling global log-evidence error": 0.09551224061412547,
    "global evidence": -4.136353125663535,
    "global evidence error": 0.09551224061412547,
    "marginals": [
        {
            "median": 6.565163286509075e-05,
            "sigma": 1.0968196543723483e-05,
            "1sigma": [
                5.593682256388223e-05,
                7.78732156513292e-05
            ],
            "2sigma": [
                4.684582001456033e-05,
                8.767884674544223e-05
            ],
            "3sigma": [
                3.948339808580429e-05,
                0.00010279137693667527
            ],
            "5sigma": [
                3.592095487421089e-05,
                0.00014208742140400812
            ],
            "q75%": 7.340448738833362e-05,
            "q25%": 5.849638447033911e-05,
            "q99%": 9.17946126168622e-05,
            "q01%": 4.430485251869497e-05,
            "q90%": 8.0852093534822e-05,
            "q10%": 5.316260442618146e-05
        },
        {
            "median": 1209.7869973423446,
            "sigma": 12.649264562033977,
            "1sigma": [
                1196.748401276505,
                1222.046930400573
            ],
            "2sigma": [
                1184.5651256072335,
                1232.2876767939522
            ],
            "3sigma": [
                1172.9437536076173,
                1244.2733104236531
            ],
            "5sigma": [
                1159.607421469862,
                1247.0456196808555
            ],
            "q75%": 1218.4884372505421,
            "q25%": 1200.5580061579728,
            "q99%": 1237.4955927170738,
            "q01%": 1181.0043355109722,
            "q90%": 1224.8038158452491,
            "q10%": 1193.1329369008956
        },
        {
            "median": 0.0009105262211974647,
            "sigma": 8.874263430935021e-05,
            "1sigma": [
                0.0008170072530253847,
                0.0009944925216440852
            ],
            "2sigma": [
                0.0007083901002617667,
                0.001062015042354481
            ],
            "3sigma": [
                0.0005594467338050333,
                0.0011835330100583913
            ],
            "5sigma": [
                0.0005164158846578605,
                0.001214666550299311
            ],
            "q75%": 0.0009670618277964539,
            "q25%": 0.0008447744318961333,
            "q99%": 0.0011040686020343871,
            "q01%": 0.0006540788451873257,
            "q90%": 0.0010165222939032012,
            "q10%": 0.0007880324121409571
        },
        {
            "median": 89.14318712202723,
            "sigma": 0.9707713117234249,
            "1sigma": [
                88.05214914441694,
                89.9936917678638
            ],
            "2sigma": [
                87.08777410974731,
                90.87701428261903
            ],
            "3sigma": [
                86.31191741583324,
                91.75501885490534
            ],
            "5sigma": [
                86.05183092626564,
                92.28817195082367
            ],
            "q75%": 89.71178483014386,
            "q25%": 88.42035607279766,
            "q99%": 91.24976626629413,
            "q01%": 86.68727568968346,
            "q90%": 90.22361831604952,
            "q10%": 87.79198442625865
        }
    ]
}