,dpdt,T,Kd,MI_radius,Profile
0,0.002574997633694398,1208.0252010364109,0.0008985860849746987,60.045164991256996,SW_7_3_2
