,Median,1 sigma low,1 sigma high,2 sigma low,2 sigma high,1sigma error low,1sigma error high,Profile
0,0.002574997633694398,0.002078218232026209,0.0032369564839135495,0.0017306743075157522,0.0040008614908915215,0.0004967794016681889,0.0006619588502191514,SW_7_3_2
