{
    "modes": [],
    "nested sampling global log-evidence": -3.5776870640524883,
    "nested sampling global log-evidence error": 0.08850212580353954,
    "global evidence": -3.5776870640524883,
    "global evidence error": 0.08850212580353954,
    "marginals": [
        {
            "median": 0.002574997633694398,
            "sigma": 0.0005793691259436701,
            "1sigma": [
                0.002078218232026209,
                0.0032369564839135495
            ],
            "2sigma": [
                0.0017306743075157522,
                0.0040008614908915215
            ],
            "3sigma": [
                0.0014972108212132325,
                0.005100094732673208
            ],
            "5sigma": [
                0.0010702154439003755,
                0.00874872586122906
            ],
            "q75%": 0.0030167249255187096,
            "q25%": 0.002220560792316765,
            "q99%": 0.004284856882307868,
            "q01%": 0.0015919000274963297,
            "q90%": 0.0034251534516932013,
            "q10%": 0.001970897793487652
        },
        {
            "median": 1208.0252010364109,
            "sigma": 11.77328132528828,
            "1sigma": [
                1196.7268792187544,
                1220.273441869331
            ],
            "2sigma": [
                1184.844186408276,
                1230.517434437344
            ],
            "3sigma": [
                1169.2309965204224,
                1242.6482848718015
            ],
            "5sigma": [
                1168.6093567605558,
                1251.4020214960274
            ],
            "q75%": 1216.4160320863787,
            "q25%": 1200.559870680975,
            "q99%": 1233.424095018382,
            "q01%": 1180.0652460408282,
            "q90%": 1223.1090563490015,
            "q10%": 1193.1450400203607
        },
        {
            "median": 0.0008985860849746987,
            "sigma": 9.708940497566972e-05,
            "1sigma": [
                0.0008036668271395992,
                0.0009978456370909386
            ],
            "2sigma": [
                0.0007128842230513454,
                0.0010857520213192568
            ],
            "3sigma": [
                0.0006497668304784911,
                0.0011705627191082727
            ],
            "5sigma": [
                0.0005846112816747069,
                0.001180433251866934
            ],
            "q75%": 0.0009716534344591304,
            "q25%": 0.0008308578515081762,
            "q99%": 0.0011131758843065094,
            "q01%": 0.0006848450262676647,
            "q90%": 0.0010217114760967688,
            "q10%": 0.0007770100058257786
        },
        {
            "median": 60.045164991256996,
            "sigma": 0.9689496278374463,
            "1sigma": [
                59.07075819245022,
                61.00865744812511
            ],
            "2sigma": [
                58.2682535420409,
                61.78675587328373
            ],
            "3sigma": [
                57.36437133730405,
                62.95675675118632
            ],
            "5sigma": [
                56.92565644632508,
                63.15443894965892
            ],
            "q75%": 60.696416258890174,
            "q25%": 59.380644479395606,
            "q99%": 62.28755044816563,
            "q01%": 58.02760781498009,
            "q90%": 61.21140959487404,
            "q10%": 58.81178706192494
        }
    ]
}