,dpdt,T,Kd,MI_radius,Profile
0,0.0013297525920749583,1209.3141412283655,0.0008968251424656952,66.96868236945951,SW_7_7_1
