{
    "modes": [],
    "nested sampling global log-evidence": -3.69813244769744,
    "nested sampling global log-evidence error": 0.089439633659836,
    "global evidence": -3.69813244769744,
    "global evidence error": 0.089439633659836,
    "marginals": [
        {
            "median": 0.0013297525920749583,
            "sigma": 0.0005083284408219713,
            "1sigma": [
                0.0009495101387782555,
                0.0019661670204221982
            ],
            "2sigma": [
                0.0007252569472636698,
                0.002578194999743007
            ],
            "3sigma": [
                0.0005386937576227644,
                0.0041824860848115476
            ],
            "5sigma": [
                0.00040149228593072586,
                0.0061098544328114625
            ],
            "q75%": 0.001760252942169553,
            "q25%": 0.0010417956785667463,
            "q99%": 0.0028377662048392305,
            "q01%": 0.0006289480486338415,
            "q90%": 0.0021695240425927734,
            "q10%": 0.0008769885373193291
        },
        {
            "median": 1209.3141412283655,
            "sigma": 12.319934960083287,
            "1sigma": [
                1197.336929350542,
                1221.9767992707086
            ],
            "2sigma": [
                1185.7139674746136,
                1232.5573620150876
            ],
            "3sigma": [
                1171.7008601058074,
                1250.6136365890786
            ],
            "5sigma": [
                1167.9701808298917,
                1257.8024210162748
            ],
            "q75%": 1217.5640380129691,
            "q25%": 1201.2603060647773,
            "q99%": 1237.28872814849,
            "q01%": 1183.2806242602626,
            "q90%": 1225.1347821799095,
            "q10%": 1194.3040958936965
        },
        {
            "median": 0.0008968251424656952,
            "sigma": 9.665580511803866e-05,
            "1sigma": [
                0.0007927928395726418,
                0.0009861044498087192
            ],
            "2sigma": [
                0.0007170521082501386,
                0.0010749700278955168
            ],
            "3sigma": [
                0.0006334975788482517,
                0.0011624677028015725
            ],
            "5sigma": [
                0.0005978620003903764,
                0.0012462610119156074
            ],
            "q75%": 0.0009566550809954686,
            "q25%": 0.0008239753674597528,
            "q99%": 0.0011140237889390144,
            "q01%": 0.0006763532955295701,
            "q90%": 0.0010143991289211342,
            "q10%": 0.0007667699023043422
        },
        {
            "median": 66.96868236945951,
            "sigma": 8.889627426118555,
            "1sigma": [
                58.195088012554656,
                75.97434286479177
            ],
            "2sigma": [
                51.426494260720276,
                84.59352456237592
            ],
            "3sigma": [
                41.889266344133496,
                94.15576783349508
            ],
            "5sigma": [
                36.76191447026982,
                97.79026073428952
            ],
            "q75%": 72.99326129850473,
            "q25%": 60.72735119316211,
            "q99%": 89.46478833960269,
            "q01%": 50.0685736417192,
            "q90%": 78.73618093172969,
            "q10%": 56.024443782104726
        }
    ]
}