,dpdt,T,Kd,MI_radius,Profile
0,0.00020538213706239786,1212.4242117365968,0.0009073016291335547,119.22480474502227,SW_7_10_1
