{
    "modes": [],
    "nested sampling global log-evidence": -4.063933926823197,
    "nested sampling global log-evidence error": 0.09409449848318971,
    "global evidence": -4.063933926823197,
    "global evidence error": 0.09409449848318971,
    "marginals": [
        {
            "median": 0.00020538213706239786,
            "sigma": 4.947172506242636e-05,
            "1sigma": [
                0.00015884618770288606,
                0.0002577896378277388
            ],
            "2sigma": [
                0.00013045895777628064,
                0.0003105774976580566
            ],
            "3sigma": [
                0.0001079926544584064,
                0.0003659655642757627
            ],
            "5sigma": [
                7.451160018954702e-05,
                0.0004662843578657146
            ],
            "q75%": 0.00023982687511808236,
            "q25%": 0.00017058325501879908,
            "q99%": 0.0003301235741714623,
            "q01%": 0.00011942886311483826,
            "q90%": 0.00027285954019139126,
            "q10%": 0.00015041626192845826
        },
        {
            "median": 1212.4242117365968,
            "sigma": 11.530291262033074,
            "1sigma": [
                1199.8800668620415,
                1222.9406493861077
            ],
            "2sigma": [
                1186.7467465100246,
                1235.089527800421
            ],
            "3sigma": [
                1174.5243161292374,
                1243.8383775123143
            ],
            "5sigma": [
                1169.76860198033,
                1251.3761793637675
            ],
            "q75%": 1220.0449724423215,
            "q25%": 1204.5409503675414,
            "q99%": 1239.525420207445,
            "q01%": 1182.6333080712768,
            "q90%": 1226.694907023063,
            "q10%": 1196.487302303992
        },
        {
            "median": 0.0009073016291335547,
            "sigma": 0.0001023084224131901,
            "1sigma": [
                0.0008018679871215743,
                0.0010064848319479545
            ],
            "2sigma": [
                0.0007168046615104675,
                0.001092318508054823
            ],
            "3sigma": [
                0.0006255714608407038,
                0.0011860324173587624
            ],
            "5sigma": [
                0.0006087783405116631,
                0.0012298172301521643
            ],
            "q75%": 0.0009767182564768147,
            "q25%": 0.0008391071955855472,
            "q99%": 0.0011350976126543347,
            "q01%": 0.0006856926929593584,
            "q90%": 0.0010313047506822588,
            "q10%": 0.0007808996796850801
        },
        {
            "median": 119.22480474502227,
            "sigma": 9.856034145023003,
            "1sigma": [
                108.84163751084961,
                128.5537058008956
            ],
            "2sigma": [
                100.18125498086097,
                137.03996183170133
            ],
            "3sigma": [
                92.17371359136816,
                148.79703850820496
            ],
            "5sigma": [
                86.31649618687732,
                149.02386640196565
            ],
            "q75%": 125.71060809056543,
            "q25%": 112.42734880346832,
            "q99%": 140.1100743694206,
            "q01%": 97.73797868921791,
            "q90%": 130.83236284684972,
            "q10%": 105.84170059065697
        }
    ]
}