,dpdt,T,Kd,MI_radius,Profile
0,0.00022251228873727594,1209.5028607855859,0.0009015601926051419,143.10071239598312,K97_23_16_1
