{
    "modes": [],
    "nested sampling global log-evidence": -3.907397584691127,
    "nested sampling global log-evidence error": 0.0923522361640161,
    "global evidence": -3.907397584691127,
    "global evidence error": 0.0923522361640161,
    "marginals": [
        {
            "median": 0.00022251228873727594,
            "sigma": 4.952867342877683e-05,
            "1sigma": [
                0.00017799488001203257,
                0.00027705222686958623
            ],
            "2sigma": [
                0.00014395850163535562,
                0.0003414879670846862
            ],
            "3sigma": [
                0.00011448873782747173,
                0.00042927607517095396
            ],
            "5sigma": [
                8.548119319661508e-05,
                0.0006977027624369217
            ],
            "q75%": 0.0002559019315497952,
            "q25%": 0.00019019725365249535,
            "q99%": 0.00036540180786089586,
            "q01%": 0.00012997711807975006,
            "q90%": 0.0002976494348780956,
            "q10%": 0.0001663608916150192
        },
        {
            "median": 1209.5028607855859,
            "sigma": 12.18397289614029,
            "1sigma": [
                1196.8722708635269,
                1221.2402166558074
            ],
            "2sigma": [
                1186.0238822478175,
                1230.7331864469027
            ],
            "3sigma": [
                1171.0248126655026,
                1239.6831426735537
            ],
            "5sigma": [
                1167.971057700681,
                1248.324415191121
            ],
            "q75%": 1217.2606078206106,
            "q25%": 1201.5186280863832,
            "q99%": 1234.1772641234054,
            "q01%": 1181.6053183016727,
            "q90%": 1224.0471493073028,
            "q10%": 1193.7599336446333
        },
        {
            "median": 0.0009015601926051419,
            "sigma": 8.877794239731172e-05,
            "1sigma": [
                0.0008121917092858237,
                0.0009897475940804472
            ],
            "2sigma": [
                0.000724797751350679,
                0.001077863227307313
            ],
            "3sigma": [
                0.0006663366399819726,
                0.0011622991666794744
            ],
            "5sigma": [
                0.0005734122302813499,
                0.001214283565074085
            ],
            "q75%": 0.000960733906996329,
            "q25%": 0.0008389729035652383,
            "q99%": 0.0011143094041230095,
            "q01%": 0.000709270619031121,
            "q90%": 0.001013829670561816,
            "q10%": 0.0007848302611291961
        },
        {
            "median": 143.10071239598312,
            "sigma": 9.675792815908991,
            "1sigma": [
                133.68408568599568,
                153.03567131781367
            ],
            "2sigma": [
                126.80109864373546,
                161.95619769740608
            ],
            "3sigma": [
                109.32247085027421,
                172.04081327679054
            ],
            "5sigma": [
                103.84564423005313,
                182.0286155303986
            ],
            "q75%": 149.504825429597,
            "q25%": 136.86559648672733,
            "q99%": 164.4262300197031,
            "q01%": 122.27413994021973,
            "q90%": 155.19834661097462,
            "q10%": 131.78299917998413
        }
    ]
}