{
    "modes": [],
    "nested sampling global log-evidence": -47.55026616732784,
    "nested sampling global log-evidence error": 0.15456741065641555,
    "global evidence": -47.55026616732784,
    "global evidence error": 0.15456741065641555,
    "marginals": [
        {
            "median": 11.845834448798152,
            "sigma": 3.040290659310897,
            "1sigma": [
                9.25090419743877,
                15.331485516060564
            ],
            "2sigma": [
                7.364012801304376,
                19.32337662201196
            ],
            "3sigma": [
                5.674633455724762,
                24.419805477153673
            ],
            "5sigma": [
                4.130113435784345,
                25.78671066539415
            ],
            "q75%": 14.12662674871307,
            "q25%": 10.01962311814116,
            "q99%": 20.70098178008501,
            "q01%": 6.66876919502752,
            "q90%": 16.42080019142847,
            "q10%": 8.637968383387237
        },
        {
            "median": 1222.75802871335,
            "sigma": 12.293888444988283,
            "1sigma": [
                1210.470534111896,
                1235.0583110018727
            ],
            "2sigma": [
                1200.5498749127553,
                1246.1604209687323
            ],
            "3sigma": [
                1191.9782625788378,
                1256.4783598046617
            ],
            "5sigma": [
                1176.8197876205559,
                1261.1174144649963
            ],
            "q75%": 1230.7781654189916,
            "q25%": 1214.5480040915668,
            "q99%": 1250.4464505500266,
            "q01%": 1197.6285095612188,
            "q90%": 1238.1506566413682,
            "q10%": 1207.0318946278496
        },
        {
            "median": -18.112836227678926,
            "sigma": 0.4067716992867325,
            "1sigma": [
                -18.516167185706124,
                -17.70262378713266
            ],
            "2sigma": [
                -18.89438933730486,
                -17.280430101970687
            ],
            "3sigma": [
                -19.31668243841646,
                -16.88659287186181
            ],
            "5sigma": [
                -19.44634066859262,
                -16.779723974955736
            ],
            "q75%": -17.843605148553028,
            "q25%": -18.38360037517688,
            "q99%": -17.16302982160603,
            "q01%": -19.019019457516904,
            "q90%": -17.595447037942517,
            "q10%": -18.632687178848442
        },
        {
            "median": 0.7341520873181381,
            "sigma": 0.08307092076517902,
            "1sigma": [
                0.6546479453878972,
                0.8207897869182552
            ],
            "2sigma": [
                0.5619793073740411,
                0.9078043324685433
            ],
            "3sigma": [
                0.4724273990160989,
                1.0078987868185767
            ],
            "5sigma": [
                0.3454707424797194,
                1.0742511171761362
            ],
            "q75%": 0.7923673435262756,
            "q25%": 0.6784810927519533,
            "q99%": 0.9388255714394339,
            "q01%": 0.5200993436423738,
            "q90%": 0.846588383282946,
            "q10%": 0.6300527905186379
        },
        {
            "median": 0.8647255473798695,
            "sigma": 0.00019364089520962358,
            "1sigma": [
                0.8645051222137299,
                0.8648924040041491
            ],
            "2sigma": [
                0.8642743618833088,
                0.864978865250981
            ],
            "3sigma": [
                0.8639731958899737,
                0.8649989704057153
            ],
            "5sigma": [
                0.8635069761536716,
                0.8649998900220491
            ],
            "q75%": 0.8648400085786919,
            "q25%": 0.8645854459454488,
            "q99%": 0.8649902262619927,
            "q01%": 0.8641836765003011,
            "q90%": 0.864921137569491,
            "q10%": 0.8644410507965838
        },
        {
            "median": 0.8952627537421641,
            "sigma": 3.743463673250291e-05,
            "1sigma": [
                0.8952252973553089,
                0.8953001666287739
            ],
            "2sigma": [
                0.8951817763724551,
                0.895340034958712
            ],
            "3sigma": [
                0.8951416433284751,
                0.8953801964359471
            ],
            "5sigma": [
                0.8950628677035445,
                0.8954591650753257
            ],
            "q75%": 0.8952867972065687,
            "q25%": 0.8952391368897645,
            "q99%": 0.895351801474694,
            "q01%": 0.8951694308784685,
            "q90%": 0.8953107134836222,
            "q10%": 0.8952131343206555
        },
        {
            "median": 9.461143383079254,
            "sigma": 5.448400571906376,
            "1sigma": [
                4.061532116168815,
                14.958333259981567
            ],
            "2sigma": [
                1.1428376427483042,
                19.416701957137974
            ],
            "3sigma": [
                0.1566883350938407,
                22.42717512120013
            ],
            "5sigma": [
                0.1354467452860291,
                26.55971864007101
            ],
            "q75%": 13.263854055840351,
            "q25%": 5.850323111120398,
            "q99%": 20.844263002750747,
            "q01%": 0.7275957516795069,
            "q90%": 16.34946779545117,
            "q10%": 2.9490246710533183
        },
        {
            "median": -6.9645220251795426,
            "sigma": 0.6709314991191082,
            "1sigma": [
                -7.65536756986486,
                -6.313504571626644
            ],
            "2sigma": [
                -8.141625438267255,
                -5.692410985808732
            ],
            "3sigma": [
                -8.757415590238518,
                -5.1152334239870125
            ],
            "5sigma": [
                -9.159574646583716,
                -4.827927074129908
            ],
            "q75%": -6.520164897485384,
            "q25%": -7.456905141660517,
            "q99%": -5.446715482238529,
            "q01%": -8.468168948919446,
            "q90%": -6.099401828674555,
            "q10%": -7.835798752672409
        },
        {
            "median": 0.22257797102350949,
            "sigma": 0.021948214356164578,
            "1sigma": [
                0.20074000800169875,
                0.2446364367140279
            ],
            "2sigma": [
                0.17842167122617236,
                0.2669437427451252
            ],
            "3sigma": [
                0.15252971098379745,
                0.28912150060998704
            ],
            "5sigma": [
                0.14698913969797608,
                0.29980715822527304
            ],
            "q75%": 0.2375338054390717,
            "q25%": 0.20702916971261343,
            "q99%": 0.27402445916459467,
            "q01%": 0.17009284464362442,
            "q90%": 0.25140359059273626,
            "q10%": 0.1945785742577683
        },
        {
            "median": -7.043983027720802,
            "sigma": 0.301857961865299,
            "1sigma": [
                -7.3661197780164125,
                -6.7624038542858145
            ],
            "2sigma": [
                -7.65334109989681,
                -6.5007396937037
            ],
            "3sigma": [
                -7.841067012377317,
                -6.264735139032376
            ],
            "5sigma": [
                -8.023786928056019,
                -6.087988402777687
            ],
            "q75%": -6.848619826485564,
            "q25%": -7.260017671317715,
            "q99%": -6.404860258036314,