{
    "modes": [],
    "nested sampling global log-evidence": -21.548515463321557,
    "nested sampling global log-evidence error": 0.10620769124927067,
    "global evidence": -21.548515463321557,
    "global evidence error": 0.10620769124927067,
    "marginals": [
        {
            "median": 0.546809397143331,
            "sigma": 0.2949097846815484,
            "1sigma": [
                0.3050299823174366,
                0.8948495516805334
            ],
            "2sigma": [
                0.16836311171108853,
                1.3896965102277254
            ],
            "3sigma": [
                0.10930572131348353,
                2.0147925080438323
            ],
            "5sigma": [
                0.10467946654002662,
                2.6207767186116873
            ],
            "q75%": 0.770946160814624,
            "q25%": 0.37444077312771956,
            "q99%": 1.5262602209893046,
            "q01%": 0.14594705080256148,
            "q90%": 0.9951877502121366,
            "q10%": 0.2564948601521485
        },
        {
            "median": 1207.2949584726907,
            "sigma": 12.042277845460717,
            "1sigma": [
                1194.9922122003845,
                1219.076767891306
            ],
            "2sigma": [
                1179.9658883318077,
                1232.5629556006454
            ],
            "3sigma": [
                1167.9572056537243,
                1246.3655195680371
            ],
            "5sigma": [
                1157.7080721867273,
                1258.5916979595493
            ],
            "q75%": 1215.246602658282,
            "q25%": 1199.0467049000588,
            "q99%": 1238.9435344531753,
            "q01%": 1174.7378017615085,
            "q90%": 1223.0638959209582,
            "q10%": 1191.8447829630384
        },
        {
            "median": -18.577696116817116,
            "sigma": 0.4013452282522074,
            "1sigma": [
                -18.976849979659434,
                -18.17415952315502
            ],
            "2sigma": [
                -19.499461622339194,
                -17.727059430624138
            ],
            "3sigma": [
                -20.23533329940533,
                -17.173565321992232
            ],
            "5sigma": [
                -20.34529343575776,
                -16.64321661382292
            ],
            "q75%": -18.31315640951878,
            "q25%": -18.856930938720268,
            "q99%": -17.514179763257403,
            "q01%": -19.66313276902944,
            "q90%": -18.054124659413887,
            "q10%": -19.119325344123773
        },
        {
            "median": 0.39804939417859925,
            "sigma": 0.08182076669779248,
            "1sigma": [
                0.3198617710275904,
                0.48350330442317535
            ],
            "2sigma": [
                0.2346963767978325,
                0.5867583215048291
            ],
            "3sigma": [
                0.07463409860436351,
                0.7012516715252853
            ],
            "5sigma": [
                0.06615442112970127,
                0.7114520969899704
            ],
            "q75%": 0.45496381693191595,
            "q25%": 0.34677937612571214,
            "q99%": 0.6310455685878871,
            "q01%": 0.19268782469809861,
            "q90%": 0.5133332022996712,
            "q10%": 0.2953687848360543
        },
        {
            "median": 0.8519405755434495,
            "sigma": 0.00024896069117680275,
            "1sigma": [
                0.8516855958138422,
                0.8521835171961958
            ],
            "2sigma": [
                0.851550358298549,
                0.8523719373660882
            ],
            "3sigma": [
                0.8515091698231501,
                0.8524605410111732
            ],
            "5sigma": [
                0.8515031197406158,
                0.8524980260455156
            ],
            "q75%": 0.8521082853093466,
            "q25%": 0.8517615737603157,
            "q99%": 0.8524302215123007,
            "q01%": 0.8515228075110661,
            "q90%": 0.8522532661966771,
            "q10%": 0.8516288620502479
        },
        {
            "median": 0.8479772111031257,
            "sigma": 6.571322673037949e-05,
            "1sigma": [
                0.8479121014997737,
                0.8480435279532345
            ],
            "2sigma": [
                0.8478382350483441,
                0.8481127063921688
            ],
            "3sigma": [
                0.8477504169243819,
                0.8481875814518325
            ],
            "5sigma": [
                0.8476194106585161,
                0.8483270289672772
            ],
            "q75%": 0.8480219081399699,
            "q25%": 0.8479346498304455,
            "q99%": 0.8481387123095684,
            "q01%": 0.8478127089093935,
            "q90%": 0.8480630069859152,
            "q10%": 0.847893421164234
        },
        {
            "median": 3.610863452033449,
            "sigma": 2.0808813665925374,
            "1sigma": [
                1.4831265646269214,
                5.644889297811996
            ],
            "2sigma": [
                0.3650984451424735,
                7.111665002602999
            ],
            "3sigma": [
                0.11924645362173679,
                8.75492162384097
            ],
            "5sigma": [
                0.10078497173896102,
                10.839563322842915
            ],
            "q75%": 5.098462399934575,
            "q25%": 2.152117989990661,
            "q99%": 7.763811309773753,
            "q01%": 0.22478771374281742,
            "q90%": 6.041250409179429,
            "q10%": 1.0660837198774011
        },
        {
            "median": -6.831293729312942,
            "sigma": 0.7431722780287262,
            "1sigma": [
                -7.588072378314194,
                -6.101727822256741
            ],
            "2sigma": [
                -8.401064104169294,
                -5.4286881649306
            ],
            "3sigma": [
                -9.118189361473222,
                -4.563381222885012
            ],
            "5sigma": [
                -10.467367654899359,
                -4.022512340060512
            ],
            "q75%": -6.345094338653516,
            "q25%": -7.319132805423015,
            "q99%": -5.00280670938556,
            "q01%": -8.64135933827602,
            "q90%": -5.922410196680797,
            "q10%": -7.820254614026833
        },
        {
            "median": 0.22145161058720994,
            "sigma": 0.02450904002789432,
            "1sigma": [
                0.19763865937998074,
                0.24665673943576938
            ],
            "2sigma": [
                0.1721996042084965,
                0.26748523732074236
            ],
            "3sigma": [
                0.13428402842698273,
                0.2904831454911932
            ],
            "5sigma": [
                0.12755100553478133,
                0.31721538173669694
            ],
            "q75%": 0.2377596904902914,
            "q25%": 0.20526743176024265,
            "q99%": 0.2782379885075957,
            "q01%": 0.16371951612327296,
            "q90%": 0.2535226654365227,
            "q10%": 0.19059393929171575
        },
        {
            "median": -7.19126922822065,
            "sigma": 0.30380859071591626,
            "1sigma": [
                -7.488091806947903,
                -6.8804746255160705
            ],
            "2sigma": [
                -7.753182048275567,
                -6.57584216312762
            ],
            "3sigma": [
                -8.171600370946773,
                -6.227356569928227
            ],
            "5sigma": [
                -8.238514176116794,
                -6.163050825423246
            ],
            "q75%": -6.98341060561302,
            "q25%": -7.380348694940038,
            "q99%": -6.486021238899929,