,dpdt,T,Kd,MI_radius,Profile
0,0.0005114069749021312,1210.3182283837189,0.0009161045104494141,74.50873254211294,SW_7_4_1
