{
    "modes": [],
    "nested sampling global log-evidence": -3.9010241436161075,
    "nested sampling global log-evidence error": 0.09280192226121807,
    "global evidence": -3.9010241436161075,
    "global evidence error": 0.09280192226121807,
    "marginals": [
        {
            "median": 0.0005114069749021312,
            "sigma": 0.0001573908480452133,
            "1sigma": [
                0.0003855791407687348,
                0.0007003608368591614
            ],
            "2sigma": [
                0.0002924579247199241,
                0.0009130271144206556
            ],
            "3sigma": [
                0.00022053833053294224,
                0.001138839136946065
            ],
            "5sigma": [
                0.00014746319967329612,
                0.001760829956118072
            ],
            "q75%": 0.0006359684899154885,
            "q25%": 0.0004218117178995432,
            "q99%": 0.0010068983112452245,
            "q01%": 0.0002749518549699466,
            "q90%": 0.0007595158402463882,
            "q10%": 0.0003530375052717153
        },
        {
            "median": 1210.3182283837189,
            "sigma": 12.352036845379757,
            "1sigma": [
                1198.4136854508677,
                1223.1177591416272
            ],
            "2sigma": [
                1186.7735930808385,
                1233.6016713288268
            ],
            "3sigma": [
                1166.0001722632028,
                1246.9183500915312
            ],
            "5sigma": [
                1165.2913572048087,
                1249.8559121345922
            ],
            "q75%": 1218.676152887918,
            "q25%": 1201.7756681539472,
            "q99%": 1238.3192796550866,
            "q01%": 1182.0351623913837,
            "q90%": 1226.6321320019933,
            "q10%": 1195.5477760774122
        },
        {
            "median": 0.0009161045104494141,
            "sigma": 9.407403255282782e-05,
            "1sigma": [
                0.0008178666242336769,
                0.0010060146893393325
            ],
            "2sigma": [
                0.0007241211774449066,
                0.0010909389441314708
            ],
            "3sigma": [
                0.0006140489663425922,
                0.0011992032007321323
            ],
            "5sigma": [
                0.000587876617103337,
                0.0012324940891428242
            ],
            "q75%": 0.000974246215785887,
            "q25%": 0.0008459600313926451,
            "q99%": 0.0011311829025044734,
            "q01%": 0.0006943989987560006,
            "q90%": 0.0010283490908330661,
            "q10%": 0.0007902597096847564
        },
        {
            "median": 74.50873254211294,
            "sigma": 9.314987642829358,
            "1sigma": [
                65.5281261327354,
                84.15810141839411
            ],
            "2sigma": [
                58.667269718904556,
                92.78619773968984
            ],
            "3sigma": [
                52.00874407232583,
                99.79781416278433
            ],
            "5sigma": [
                46.840829501966056,
                109.36740139143195
            ],
            "q75%": 80.70018498144927,
            "q25%": 68.10573618912366,
            "q99%": 95.74334345702336,
            "q01%": 57.05750669379115,
            "q90%": 86.34788120695553,
            "q10%": 63.73017570549643
        }
    ]
}