,dpdt,T,Kd,MI_radius,Profile
0,0.0010498075060756955,1208.1415818718028,0.000905309122777876,49.99450662118378,K97_23_8_1
