,Median,1 sigma low,1 sigma high,2 sigma low,2 sigma high,1sigma error low,1sigma error high,Profile
0,0.0010498075060756955,0.0008778916600499081,0.001267094246307117,0.0007118561133762456,0.0015070294618100503,0.00017191584602578743,0.00021728674023142143,K97_23_8_1
