{
    "modes": [],
    "nested sampling global log-evidence": -3.8406133741864177,
    "nested sampling global log-evidence error": 0.0915051226508968,
    "global evidence": -3.8406133741864177,
    "global evidence error": 0.0915051226508968,
    "marginals": [
        {
            "median": 0.0010498075060756955,
            "sigma": 0.00019460129312860443,
            "1sigma": [
                0.0008778916600499081,
                0.001267094246307117
            ],
            "2sigma": [
                0.0007118561133762456,
                0.0015070294618100503
            ],
            "3sigma": [
                0.0006030889281833633,
                0.001874639945300041
            ],
            "5sigma": [
                0.00043430357840961814,
                0.002893184388490883
            ],
            "q75%": 0.0011846567803755611,
            "q25%": 0.0009333889537539949,
            "q99%": 0.0016061408214201789,
            "q01%": 0.0006574414971718656,
            "q90%": 0.0013287920147047232,
            "q10%": 0.0008259347542398483
        },
        {
            "median": 1208.1415818718028,
            "sigma": 11.287621021416953,
            "1sigma": [
                1196.834898663825,
                1219.410140706659
            ],
            "2sigma": [
                1184.521715166347,
                1228.9428500496936
            ],
            "3sigma": [
                1174.4457438748361,
                1240.6815610090534
            ],
            "5sigma": [
                1172.7652736805292,
                1245.3923879688434
            ],
            "q75%": 1215.553313042556,
            "q25%": 1200.5565453458496,
            "q99%": 1232.7596432162313,
            "q01%": 1179.318664932704,
            "q90%": 1222.2617434634788,
            "q10%": 1193.3472566020832
        },
        {
            "median": 0.000905309122777876,
            "sigma": 9.114375761935106e-05,
            "1sigma": [
                0.0008121430291255301,
                0.0009944305443642322
            ],
            "2sigma": [
                0.0007294204186713331,
                0.0010927927937739157
            ],
            "3sigma": [
                0.0006673772379536363,
                0.0011676148407899526
            ],
            "5sigma": [
                0.0006095996412676023,
                0.0012467561732379694
            ],
            "q75%": 0.0009662926296421866,
            "q25%": 0.0008404640872814891,
            "q99%": 0.0011205574354690379,
            "q01%": 0.0007069719826389919,
            "q90%": 0.0010240855386310006,
            "q10%": 0.0007845140097024018
        },
        {
            "median": 49.99450662118378,
            "sigma": 0.9833094399616513,
            "1sigma": [
                48.99351812012491,
                50.96013700004821
            ],
            "2sigma": [
                47.98593962740764,
                51.939268000087104
            ],
            "3sigma": [
                47.14838055406402,
                52.84250186062133
            ],
            "5sigma": [
                46.871632232526125,
                53.31253795743318
            ],
            "q75%": 50.65533281935534,
            "q25%": 49.306500274280275,
            "q99%": 52.33913430987844,
            "q01%": 47.68579235578149,
            "q90%": 51.26584931938049,
            "q10%": 48.73614017099881
        }
    ]
}