,Median,1 sigma low,1 sigma high,2 sigma low,2 sigma high,1sigma error low,1sigma error high,Profile
0,0.0021665587334500198,0.0017710081629876595,0.002680511601864228,0.0014874452239492016,0.003231996737308614,0.00039555057046236023,0.0005139528684142084,K97_23_4_1
