,dpdt,T,Kd,MI_radius,Profile
0,0.0021665587334500198,1210.262159098222,0.0009113599998124309,61.126221307346654,K97_23_4_1
