{
    "modes": [],
    "nested sampling global log-evidence": -3.7180152482164215,
    "nested sampling global log-evidence error": 0.0900456848894722,
    "global evidence": -3.7180152482164215,
    "global evidence error": 0.0900456848894722,
    "marginals": [
        {
            "median": 0.0021665587334500198,
            "sigma": 0.0004547517194382843,
            "1sigma": [
                0.0017710081629876595,
                0.002680511601864228
            ],
            "2sigma": [
                0.0014874452239492016,
                0.003231996737308614
            ],
            "3sigma": [
                0.0012395828103210283,
                0.0041944548724518515
            ],
            "5sigma": [
                0.0009772314764382947,
                0.006791606534082475
            ],
            "q75%": 0.002494922256682468,
            "q25%": 0.00189494498199681,
            "q99%": 0.00351696161908537,
            "q01%": 0.001394417075227966,
            "q90%": 0.0028506979220539103,
            "q10%": 0.0016858943854019329
        },
        {
            "median": 1210.262159098222,
            "sigma": 12.415272452616136,
            "1sigma": [
                1196.5366642631604,
                1221.3672091683927
            ],
            "2sigma": [
                1185.8153848400973,
                1233.7852921009103
            ],
            "3sigma": [
                1174.7719177842762,
                1248.717853986089
            ],
            "5sigma": [
                1173.3261105896754,
                1252.289376466118
            ],
            "q75%": 1218.3714831532227,
            "q25%": 1200.929242726718,
            "q99%": 1237.0383436702102,
            "q01%": 1181.8776196538302,
            "q90%": 1224.4978403931946,
            "q10%": 1194.0266180501585
        },
        {
            "median": 0.0009113599998124309,
            "sigma": 0.00010362750074122313,
            "1sigma": [
                0.0008026525387722181,
                0.0010099075402546643
            ],
            "2sigma": [
                0.0007361670193948919,
                0.001084916094064141
            ],
            "3sigma": [
                0.0006463787216400969,
                0.0011881980918030598
            ],
            "5sigma": [
                0.0005813564421270361,
                0.0012536324807114676
            ],
            "q75%": 0.0009839670066282135,
            "q25%": 0.0008395035514447167,
            "q99%": 0.0011120346330716208,
            "q01%": 0.0006906190865287117,
            "q90%": 0.0010293245104701935,
            "q10%": 0.0007819088991917028
        },
        {
            "median": 61.126221307346654,
            "sigma": 0.9132241267262771,
            "1sigma": [
                60.15324249456939,
                61.979690748021945
            ],
            "2sigma": [
                59.33085155730787,
                62.857738973174
            ],
            "3sigma": [
                58.352716705561974,
                64.19273896050282
            ],
            "5sigma": [
                56.837788062103805,
                64.5645949752903
            ],
            "q75%": 61.686297390604366,
            "q25%": 60.43019993389621,
            "q99%": 63.13785190830231,
            "q01%": 59.030801338134225,
            "q90%": 62.27674300710087,
            "q10%": 59.915122587432016
        }
    ]
}